explanation_id,explanation_type,axis1_3v,axis1_std,axis1_nvotes,axis2_3v,axis2_std,axis2_nvotes,axis3_3v,axis3_std,axis3_nvotes,axis4_3v,axis4_std,axis4_nvotes
00089807-009d-42f7-ad22-838d8544fd25,abductive,1.0,0.0,2,1.0,0.0,2,,0.0,0,1.0,0.0,2
002e834b-f533-4608-8a47-319e6f88f53e,feature_attribution,1.0,0.0,3,3.67,0.577,3,,0.0,0,3.33,1.155,3
0034f590-e996-4ddc-8866-1de246e777b6,counterfactual,1.0,0.0,3,1.0,0.0,3,2.0,0.0,3,2.0,1.732,3
0078d5a5-4ec5-443c-be0a-c1fc98c81117,abductive,1.0,0.0,2,1.0,0.0,2,,0.0,0,1.0,0.0,2
00ce5a2f-8044-4006-870c-6486348ce140,feature_attribution,1.0,0.0,3,4.0,0.0,3,,0.0,0,4.33,0.577,3
01107ab2-be1e-4e59-86df-feb1b89a8b00,counterfactual,1.0,0.0,3,2.0,1.0,3,1.0,0.0,3,3.67,2.309,3
01a1bd5b-4c26-4b37-b096-181569a96b95,counterfactual,1.0,0.0,3,3.33,0.577,3,1.33,0.577,3,5.0,0.0,3
01daa697-aefe-4c18-95a1-cfc5d4012103,abductive,1.0,0.0,3,1.0,0.0,3,,0.0,0,4.33,0.577,3
0226123e-1c1d-44ea-8cec-809bc78f0001,counterfactual,1.0,0.0,3,1.67,1.155,3,1.0,0.0,3,2.0,1.732,3
0248ba48-83a0-49fb-b8eb-300c43e850e6,counterfactual,1.0,0.0,3,1.33,0.577,3,1.0,0.0,3,2.33,1.155,3
025dbe17-43c5-4d28-aa32-51a3386b0fd6,abductive,1.0,0.0,3,1.0,0.0,3,,0.0,0,5.0,0.0,3
027a63b2-4abc-42eb-b748-73a16c29ec9e,abductive,1.0,0.0,3,1.0,0.0,3,,0.0,0,5.0,0.0,3
0294d4d5-b110-4cee-b9a6-7216fd12cbd4,counterfactual,3.0,1.732,3,4.0,0.0,3,1.67,1.155,3,5.0,0.0,3
0314a8f1-c53d-4df7-aa42-c970fc155f4a,contrastive,1.0,0.0,3,1.0,0.0,3,1.0,0.0,3,1.0,0.0,3
0370da73-928c-41dd-9105-32e13768112d,feature_attribution,2.0,0.0,3,4.33,0.577,3,,0.0,0,5.0,0.0,3
0386941d-dfe1-48b8-8ab2-e727f37cfaac,counterfactual,1.0,0.0,2,4.5,0.707,2,3.5,0.707,2,5.0,0.0,2
03a660f9-40b8-4735-8dcf-8845784b2163,counterfactual,1.0,0.0,3,1.0,0.0,3,5.0,0.0,3,1.0,0.0,3
03b573df-564d-4305-adbc-65bdfa491ce5,counterfactual,1.0,0.0,3,4.33,0.577,3,3.0,0.0,3,4.33,0.577,3
03ebbfa7-158f-44db-b837-e7d3991804dc,feature_attribution,1.0,0.0,2,4.5,0.707,2,,0.0,0,5.0,0.0,2
040c7269-9b6b-40e1-ab80-aaf8f6a85fc3,contrastive,1.0,0.0,3,1.67,1.155,3,1.33,0.577,3,2.33,1.155,3
040f922d-8dbb-4680-bf42-2b3cace9239f,contrastive,1.0,0.0,3,1.67,1.155,3,1.0,0.0,3,4.33,0.577,3
0413c832-bae7-491f-9f74-24ccfc1faee8,feature_attribution,2.0,0.0,3,5.0,0.0,3,,0.0,0,5.0,0.0,3
0455887e-720c-4734-835f-c51dd9c3fff8,feature_attribution,2.0,0.0,3,5.0,0.0,3,,0.0,0,5.0,0.0,3
04ac1857-3ada-46a9-b85d-9b254f7a9a4a,counterfactual,1.0,0.0,3,1.67,0.577,3,2.0,1.0,3,1.0,0.0,3
04d807b7-ef40-4e43-baed-67e38b94322d,feature_attribution,1.67,0.577,3,3.67,0.577,3,,0.0,0,2.0,0.0,3
050e261b-ccf5-4569-b215-358ff413e9b6,abductive,1.0,0.0,3,1.0,0.0,3,,0.0,0,5.0,0.0,3
05c70c58-ad68-4d2f-adc5-4eb901591586,feature_attribution,1.67,0.577,3,5.0,0.0,3,,0.0,0,3.67,0.577,3
05cef9b1-aaf4-43c9-bf18-fff7fbd8e49f,abductive,1.0,0.0,3,1.0,0.0,3,,0.0,0,4.67,0.577,3
05e6343c-8d8e-42ae-bb77-8a6544e05763,counterfactual,1.0,0.0,3,2.33,1.155,3,1.0,0.0,3,4.0,0.0,3
05e772cc-90ee-4dad-b673-b94280c90eb1,abductive,1.0,0.0,3,1.67,1.155,3,,0.0,0,3.33,1.155,3
0675d5e8-dfb1-4c0b-9618-fdaa9e19d2f7,abductive,1.5,0.707,2,2.0,1.414,2,,0.0,0,1.0,0.0,2
06af6092-8bc9-446b-b30d-99c92ab79a76,feature_attribution,2.0,0.0,3,4.67,0.577,3,,0.0,0,3.67,0.577,3
06e8f307-44af-4f35-8227-c85a6da8bc70,feature_attribution,1.0,0.0,3,4.67,0.577,3,,0.0,0,5.0,0.0,3
07447cad-d336-4e63-b544-590d4c68cf1e,contrastive,5.0,0.0,3,4.33,0.577,3,4.33,0.577,3,3.0,0.0,3
07853a35-b3cd-4dc7-8375-168477c5e70d,counterfactual,1.0,0.0,3,1.0,0.0,3,2.67,0.577,3,1.0,0.0,3
07871f10-f5ee-49e6-9035-87d281e7138e,abductive,1.0,0.0,3,1.0,0.0,3,,0.0,0,1.0,0.0,3
08090dc7-f702-4981-a07e-97578eb9f8f4,contrastive,1.0,0.0,3,1.0,0.0,3,1.0,0.0,3,4.0,1.0,3
08132e6e-2bf5-4214-988b-a0c2fc157c6e,counterfactual,1.0,0.0,3,2.33,1.155,3,2.0,0.0,3,4.33,0.577,3
08692f96-a7c5-40ce-950b-32b5b5242900,feature_attribution,2.0,0.0,3,5.0,0.0,3,,0.0,0,5.0,0.0,3
08b28423-43d2-433c-a547-454891e5804a,counterfactual,1.0,0.0,3,1.0,0.0,3,1.0,0.0,3,1.33,0.577,3
08cbe359-165a-4fe1-8559-737bec8d5c62,counterfactual,1.0,0.0,3,1.33,0.577,3,5.0,0.0,3,1.67,1.155,3
0935cdd1-aa5b-472f-811e-0268fdecee98,abductive,1.0,0.0,3,1.0,0.0,3,,0.0,0,5.0,0.0,3
09a5e9bb-b2dd-47fa-b58d-8bed074ba36f,contrastive,3.5,2.121,2,5.0,0.0,2,1.0,0.0,2,5.0,0.0,2
0a266c1f-b282-42c8-bba9-7326fca51f7b,contrastive,1.0,0.0,3,3.0,0.0,3,1.0,0.0,3,4.33,1.155,3
0a655112-8f10-493b-8234-3bb48ea07ce6,counterfactual,1.0,0.0,3,1.0,0.0,3,1.0,0.0,3,1.33,0.577,3
0ace1e2a-5ad8-41e7-b59d-a6c89364b6f1,counterfactual,1.0,0.0,3,2.67,0.577,3,2.0,0.0,3,2.33,0.577,3
0ad7a448-fe75-4d4a-bc5b-16c3790e17d7,contrastive,1.0,0.0,3,2.33,2.309,3,1.0,0.0,3,2.0,1.732,3
0ae34f9e-adda-44d6-a899-c064654e74f3,abductive,1.0,0.0,3,1.0,0.0,3,,0.0,0,1.33,0.577,3
0b5f8571-d9e3-47db-8f0a-992c60eba2ee,abductive,1.0,0.0,3,1.67,1.155,3,,0.0,0,2.0,1.0,3
0bf91f59-ca42-4834-988d-e44c90c39749,contrastive,1.0,0.0,3,1.0,0.0,3,2.0,0.0,3,5.0,0.0,3
0c01d0d3-1459-4af5-aa81-4048ae84721a,counterfactual,1.0,0.0,3,1.0,0.0,3,1.67,0.577,3,3.0,1.0,3
0c3b90cb-35fa-4b01-9e96-e1917b7c47cd,counterfactual,1.0,0.0,3,1.0,0.0,3,3.0,0.0,3,1.0,0.0,3
0c496c12-db9e-4ce8-b50c-18b9441357d6,counterfactual,1.0,0.0,3,1.67,1.155,3,1.0,0.0,3,1.33,0.577,3
0cbfbafc-80bb-483f-b095-2b66f41d4bf6,contrastive,1.0,0.0,3,1.0,0.0,3,3.0,0.0,3,5.0,0.0,3
0ce4720c-a9e1-45d1-9961-3a451b0a8229,feature_attribution,1.33,0.577,3,5.0,0.0,3,,0.0,0,5.0,0.0,3
0d862bf8-a3fa-4d13-90c3-8b02c8a689cd,contrastive,1.0,0.0,3,1.0,0.0,3,1.33,0.577,3,1.0,0.0,3
0d86a0bc-0846-40b8-9196-6af2020e8256,feature_attribution,1.33,0.577,3,4.33,0.577,3,,0.0,0,5.0,0.0,3
0ddcbbe6-f969-40bb-8b51-f4b19eacbcad,feature_attribution,2.0,0.0,3,4.67,0.577,3,,0.0,0,5.0,0.0,3
0e52acbd-9ff4-40b8-b83c-3a4351b9bd14,abductive,1.0,0.0,3,1.0,0.0,3,,0.0,0,4.33,0.577,3
0e996907-97d5-41a4-a0eb-9b70fcc89527,feature_attribution,1.33,0.577,3,3.0,0.0,3,,0.0,0,4.0,0.0,3
0eccd65d-2967-44f0-a0d8-7cca02a6827f,feature_attribution,2.0,0.0,3,4.0,0.0,3,,0.0,0,5.0,0.0,3
0f58a25f-e6e9-46b7-859c-86d68ff9062d,abductive,1.0,0.0,2,1.0,0.0,2,,0.0,0,4.5,0.707,2
0f5d6340-07f9-492c-8c1c-640efffa616f,contrastive,1.0,0.0,3,1.33,0.577,3,1.67,1.155,3,1.0,0.0,3
0f7e5f7a-938e-4f88-a3f4-10103d5db8a4,feature_attribution,2.0,0.0,3,5.0,0.0,3,,0.0,0,4.0,0.0,3
0fddf498-7ee0-4bf0-8418-87f1f314b2e5,abductive,1.0,0.0,3,1.0,0.0,3,,0.0,0,3.33,1.528,3
0ff3945d-5b64-44e8-8e34-3aee076fa25e,feature_attribution,1.33,0.577,3,4.33,0.577,3,,0.0,0,5.0,0.0,3
1026f489-03e6-4229-92a3-7f0b8a28bda6,counterfactual,1.0,0.0,3,3.67,0.577,3,2.67,0.577,3,4.67,0.577,3
106b2772-3293-49e3-942b-079ed20dcc04,contrastive,1.0,0.0,2,3.0,0.0,2,1.0,0.0,2,3.0,0.0,2
10c16ef4-844e-4ef4-8d55-556099b89ac2,feature_attribution,1.0,0.0,3,4.0,0.0,3,,0.0,0,4.0,0.0,3
11498ac2-8ecf-412d-af6e-50dfc3b7baea,counterfactual,1.0,0.0,3,1.0,0.0,3,3.0,0.0,3,1.0,0.0,3
11e39ab4-3177-41b6-bc33-f46c2033d5da,contrastive,1.0,0.0,3,1.0,0.0,3,1.0,0.0,3,1.0,0.0,3
1215ba14-6fcf-4dae-a993-fd5c24c8b892,feature_attribution,1.33,0.577,3,5.0,0.0,3,,0.0,0,5.0,0.0,3
124b19a6-68a9-4d16-87cc-faa59808b787,counterfactual,1.0,0.0,3,1.0,0.0,3,3.0,0.0,3,4.67,0.577,3
125ee11d-3f48-4d45-ab6f-3f63ffc95288,contrastive,1.0,0.0,3,1.0,0.0,3,1.0,0.0,3,1.0,0.0,3
12787921-03cc-4c8b-ade5-02e65ef63594,feature_attribution,1.0,0.0,3,4.67,0.577,3,,0.0,0,3.67,0.577,3
1299383b-af71-4721-bc05-0820031212d2,feature_attribution,1.0,0.0,3,5.0,0.0,3,,0.0,0,5.0,0.0,3
12b9dcd4-b046-456e-8532-40ee4e2bbf1c,counterfactual,1.33,0.577,3,3.0,0.0,3,1.67,0.577,3,4.0,0.0,3
12c4c131-44fd-49a0-9cd9-ce0133a8eddd,counterfactual,1.0,0.0,3,1.0,0.0,3,1.0,0.0,3,1.0,0.0,3
1325c509-a854-4db9-848c-348f94ad4a3c,feature_attribution,1.0,0.0,3,4.67,0.577,3,,0.0,0,5.0,0.0,3
132dd70c-454d-460d-88fd-fd56751ede87,abductive,1.33,0.577,3,3.0,0.0,3,,0.0,0,1.67,0.577,3
134367d0-9418-4eec-adde-fe909f8f470e,abductive,1.0,0.0,3,2.33,2.309,3,,0.0,0,4.33,0.577,3
13702ecb-b24b-4330-aa09-59e962bec199,abductive,1.0,0.0,3,1.0,0.0,3,,0.0,0,1.0,0.0,3
13c91e07-9944-4ca5-9f9d-5d715413dc41,feature_attribution,1.0,0.0,3,5.0,0.0,3,,0.0,0,5.0,0.0,3
13e34f42-3f9f-4651-bf37-0719eef90041,counterfactual,1.33,0.577,3,2.0,1.0,3,3.0,0.0,3,2.33,1.155,3
13ef0212-18c9-4c3b-807f-4337ec73c62b,feature_attribution,1.0,0.0,3,4.0,0.0,3,,0.0,0,3.0,1.0,3
1407954d-0271-4d86-9ecf-36e2bcc996ca,counterfactual,1.0,0.0,3,3.0,0.0,3,1.0,0.0,3,4.33,0.577,3
1459240d-34d6-4b28-8967-62bd45707df1,feature_attribution,1.0,0.0,3,2.67,0.577,3,,0.0,0,1.33,0.577,3
14b6c7ad-5ee9-4787-88c6-d259ad4000d1,abductive,1.0,0.0,3,2.0,1.0,3,,0.0,0,4.67,0.577,3
14c7fc17-c57f-42ef-bc31-c99782206ddc,abductive,1.0,0.0,3,1.0,0.0,3,,0.0,0,2.33,1.528,3
1505ae21-bade-46d2-8442-3434bc069f29,abductive,1.0,0.0,3,3.0,0.0,3,,0.0,0,1.0,0.0,3
159f10d4-64f0-43c1-a5ab-fdfb6be9a713,contrastive,1.0,0.0,2,1.0,0.0,2,3.0,0.0,2,4.0,0.0,2
1614b09c-c9fb-4fa9-84ed-a1043e578fc9,counterfactual,1.0,0.0,3,1.0,0.0,3,3.0,0.0,3,1.0,0.0,3
1653edde-f4ca-4edb-b6d4-da88c467676e,counterfactual,1.0,0.0,3,4.0,1.732,3,3.67,0.577,3,4.0,1.0,3
1702cb1f-8c12-48a9-a3d1-f13da9a57716,contrastive,5.0,0.0,3,4.33,0.577,3,4.33,0.577,3,4.33,0.577,3
170a25f5-72d8-4cb4-86c9-f22ecd244851,abductive,1.0,0.0,3,1.0,0.0,3,,0.0,0,1.0,0.0,3
17227333-8870-4d4e-a143-030ce645101d,abductive,1.0,0.0,3,1.0,0.0,3,,0.0,0,1.33,0.577,3
17be5693-0902-4237-945a-bcb889df4116,abductive,1.0,0.0,3,1.67,0.577,3,,0.0,0,4.33,0.577,3
18029911-6ada-485e-bf4e-b57d0d34e5af,abductive,1.0,0.0,3,1.0,0.0,3,,0.0,0,2.0,1.732,3
1832239d-5c9b-49f3-9c95-d134cb6ef1c5,counterfactual,1.67,0.577,3,3.67,0.577,3,3.0,0.0,3,5.0,0.0,3
18388a1a-e05f-466c-ae3c-4fab080822aa,abductive,1.0,0.0,3,1.0,0.0,3,,0.0,0,4.67,0.577,3
18428923-49e9-4bf0-8f7b-5e6b4fb0b518,feature_attribution,1.33,0.577,3,4.67,0.577,3,,0.0,0,3.33,0.577,3
18624cc7-810c-47d5-9b7c-87fcf6698e58,feature_attribution,1.0,0.0,3,5.0,0.0,3,,0.0,0,5.0,0.0,3
18e1978f-d22b-4e3c-ad13-667d8338a91a,counterfactual,1.0,0.0,2,1.0,0.0,2,1.0,0.0,2,1.0,0.0,2
1943b7d1-45cf-46ad-9747-476adf840747,feature_attribution,1.0,0.0,3,4.33,0.577,3,,0.0,0,4.33,0.577,3
19847ebe-2690-41d1-ad72-9d9623b91ee3,counterfactual,1.0,0.0,3,4.67,0.577,3,4.0,0.0,3,3.67,1.155,3
19952618-5cf8-44bf-b112-427cec1c89d4,abductive,1.0,0.0,3,1.0,0.0,3,,0.0,0,2.67,0.577,3
19cbaf92-30eb-4284-b6e9-cf7884ba4741,contrastive,1.0,0.0,3,1.0,0.0,3,1.0,0.0,3,1.0,0.0,3
19e2730b-6509-4590-9a01-91fa1e56b15d,feature_attribution,2.0,0.0,3,4.0,0.0,3,,0.0,0,5.0,0.0,3
1a08b481-0e2d-48d4-823b-e145aef48b9b,feature_attribution,1.0,0.0,3,5.0,0.0,3,,0.0,0,5.0,0.0,3
1a9a350d-dc16-46b6-9b3b-6041adf4ef8b,feature_attribution,2.0,0.0,3,5.0,0.0,3,,0.0,0,4.67,0.577,3
1aa14a61-1b76-447e-a38c-4dfe5981917b,abductive,1.0,0.0,3,1.67,1.155,3,,0.0,0,1.0,0.0,3
1bda0b7c-109e-43f6-8ed7-ce75d1815923,feature_attribution,1.0,0.0,3,4.67,0.577,3,,0.0,0,5.0,0.0,3
1c03048e-d11e-4796-9e03-3aac61172861,contrastive,1.0,0.0,3,4.0,1.0,3,5.0,0.0,3,1.67,1.155,3
1c5e74a4-c68b-42a8-bbe5-e8e3e85611bf,feature_attribution,2.0,0.0,3,4.67,0.577,3,,0.0,0,4.0,0.0,3
1c776d3f-7083-471c-a471-30b54a1dcf5b,abductive,1.0,0.0,3,1.67,1.155,3,,0.0,0,2.33,1.528,3
1c7d30b3-bd92-4ac4-b228-4bdf441dcc72,abductive,1.0,0.0,3,1.0,0.0,3,,0.0,0,1.0,0.0,3
1ca3f7ce-4f52-49f4-86db-425ebdcf75cb,feature_attribution,1.67,0.577,3,4.33,0.577,3,,0.0,0,5.0,0.0,3
1cabba1d-60ba-4c72-8a56-e35a1d1b6723,feature_attribution,1.0,0.0,3,2.67,0.577,3,,0.0,0,4.33,0.577,3
1d354aa7-e213-422d-b814-910590630d9f,abductive,1.0,0.0,2,2.0,1.414,2,,0.0,0,3.0,2.828,2
1d3dc9c1-97d7-4086-ad68-2ff04bfcd971,contrastive,1.0,0.0,3,1.0,0.0,3,1.67,0.577,3,1.0,0.0,3
1d3e3596-fe5f-4894-ab6a-9fcf7cf02489,contrastive,1.0,0.0,3,1.0,0.0,3,2.0,0.0,3,1.0,0.0,3
1d40d0b8-1eb4-4a14-89ef-d0395e420d19,feature_attribution,1.0,0.0,3,1.0,0.0,3,,0.0,0,1.0,0.0,3
1ddc7d90-2015-4ba1-97f0-59a7106ee075,abductive,1.0,0.0,3,1.67,1.155,3,,0.0,0,1.0,0.0,3
1e127d94-522c-4a13-97a9-e69bac267f7d,contrastive,5.0,0.0,3,4.67,0.577,3,5.0,0.0,3,3.0,0.0,3
1e465a18-1673-4dc9-9e25-6816bc8b5ea1,counterfactual,1.0,0.0,3,4.33,0.577,3,1.0,0.0,3,5.0,0.0,3
1eafa49e-df60-4f0f-83b2-4c60097e628c,counterfactual,1.0,0.0,3,1.0,0.0,3,1.0,0.0,3,1.0,0.0,3
1ec14bcd-9228-4531-b5f5-7ab7aa30f5c2,counterfactual,1.33,0.577,3,4.0,0.0,3,1.67,0.577,3,5.0,0.0,3
1ede2416-586c-45da-bc9f-2b9137a018d4,feature_attribution,1.0,0.0,3,3.33,0.577,3,,0.0,0,4.33,1.155,3
1f3a217f-1ca5-47ad-b8c1-017f202f7986,contrastive,2.0,0.0,3,4.33,0.577,3,4.0,0.0,3,3.0,0.0,3
1f5f8da2-8555-48b1-bb96-e43f3ba1d64f,abductive,1.0,0.0,3,1.0,0.0,3,,0.0,0,1.0,0.0,3
1fda5c0d-e546-4497-9ada-39789b1a005e,contrastive,1.67,0.577,3,4.33,0.577,3,2.67,0.577,3,5.0,0.0,3
1fe48a77-a527-4d64-907d-4339fccd2630,abductive,1.0,0.0,3,2.33,1.155,3,,0.0,0,1.0,0.0,3
1ff28db9-233a-4f03-98e0-e24b336c8a49,abductive,1.0,0.0,3,3.67,1.155,3,,0.0,0,4.33,0.577,3
205ac1a2-d70a-4078-bf04-b4d73a22b1f8,contrastive,1.0,0.0,3,1.0,0.0,3,1.0,0.0,3,2.67,0.577,3
20d088b2-a7cc-4bab-85f2-13327016711d,abductive,1.0,0.0,3,1.0,0.0,3,,0.0,0,5.0,0.0,3
20f727fe-3a9f-4fa9-b435-c9cb591f7791,counterfactual,1.0,0.0,3,2.67,0.577,3,1.33,0.577,3,4.0,1.0,3
20fbb20f-f61a-43fa-af67-ad9c6a21b150,abductive,1.0,0.0,3,1.0,0.0,3,,0.0,0,1.33,0.577,3
21005075-7e35-4927-8e96-7d5f7894d0ef,contrastive,1.0,0.0,3,1.0,0.0,3,1.33,0.577,3,4.67,0.577,3
213faae8-7729-48a0-ba69-d6c327e5ba89,abductive,1.0,0.0,3,1.0,0.0,3,,0.0,0,1.0,0.0,3
220841a3-994e-4d11-8b19-d0d65b29bf82,counterfactual,1.0,0.0,3,1.67,1.155,3,1.33,0.577,3,2.0,1.732,3
227f491b-a125-437e-9c5d-d77de2d7b4f3,contrastive,5.0,0.0,3,4.0,0.0,3,3.33,1.528,3,5.0,0.0,3
228a9174-28fd-441a-8682-0813a077e18c,abductive,1.0,0.0,3,1.0,0.0,3,,0.0,0,1.0,0.0,3
22f41d8e-42fb-4985-9ff7-986a6d9b542a,feature_attribution,1.0,0.0,3,4.33,0.577,3,,0.0,0,2.0,1.0,3
23016df0-a8e5-48c7-ac52-3e24459a589a,contrastive,1.0,0.0,3,2.33,1.155,3,1.0,0.0,3,2.67,1.528,3
232cded6-d79c-4a55-afeb-ddddf7be36b9,counterfactual,1.0,0.0,2,1.0,0.0,2,1.0,0.0,2,4.0,0.0,2
2334e9bc-d509-49ed-8ff7-9f2b7132c7dd,abductive,1.0,0.0,3,1.67,1.155,3,,0.0,0,4.33,0.577,3
243f5246-3b54-4180-951e-211e14b4414e,counterfactual,1.0,0.0,3,1.0,0.0,3,1.0,0.0,3,1.0,0.0,3
24c458fc-cd53-4e45-b7ae-b4f906facb30,counterfactual,1.0,0.0,3,1.0,0.0,3,1.0,0.0,3,1.0,0.0,3
24ec8775-13ff-46c3-90e2-249f5939e6e9,counterfactual,1.0,0.0,3,1.67,1.155,3,2.67,0.577,3,1.0,0.0,3
250737c2-8120-470c-b955-c3bec5792508,abductive,1.0,0.0,3,1.0,0.0,3,,0.0,0,1.0,0.0,3
250d35ae-b8a3-466f-b47b-e2c25b16be3b,counterfactual,1.0,0.0,3,2.0,1.0,3,1.67,0.577,3,2.67,1.528,3
25150501-b477-4a0c-8577-b7c9d1c16c48,feature_attribution,1.67,0.577,3,4.33,0.577,3,,0.0,0,5.0,0.0,3
25208143-499f-42a3-84c9-4ae37dd02c44,abductive,1.0,0.0,3,1.0,0.0,3,,0.0,0,1.0,0.0,3
254ab8a3-9a9a-46a8-a7c0-ba1d4c4232c0,contrastive,1.0,0.0,3,1.0,0.0,3,1.0,0.0,3,1.33,0.577,3
256d4ac6-3f11-457e-991d-bb9eebe53c73,contrastive,1.0,0.0,3,1.33,0.577,3,3.0,0.0,3,4.33,0.577,3
257c106e-1c72-4522-9b15-485175da2c59,feature_attribution,2.0,0.0,3,4.67,0.577,3,,0.0,0,4.67,0.577,3
25a2d8f1-4fdc-4986-a5f9-8707e06e18c9,contrastive,1.0,0.0,3,4.33,1.155,3,5.0,0.0,3,4.0,1.0,3
25baabee-cd9d-4099-8123-bf727b8c1225,counterfactual,1.0,0.0,3,5.0,0.0,3,5.0,0.0,3,5.0,0.0,3
25c565e0-db9f-47c9-a646-bfeb403d9790,feature_attribution,1.67,0.577,3,5.0,0.0,3,,0.0,0,5.0,0.0,3
26369b6a-0cc3-41ba-a57c-7812e68929c2,counterfactual,1.0,0.0,3,1.0,0.0,3,1.0,0.0,3,1.0,0.0,3
2639539a-1a75-4bdc-8599-0e2f9fbbe4c9,feature_attribution,1.0,0.0,3,3.0,0.0,3,,0.0,0,4.0,0.0,3
263bcade-9016-431e-a94b-6ad0ed6db063,feature_attribution,1.33,0.577,3,3.67,0.577,3,,0.0,0,5.0,0.0,3
267383e0-eff7-41ba-b39b-d912bf8422b3,counterfactual,1.0,0.0,3,4.0,0.0,3,3.0,0.0,3,4.67,0.577,3
26c05d26-7363-4428-b858-c9600cf04afe,feature_attribution,1.0,0.0,3,3.0,0.0,3,,0.0,0,4.67,0.577,3
26d7d5d8-21b6-4039-858d-e6f18d61ce09,counterfactual,1.0,0.0,3,1.0,0.0,3,1.33,0.577,3,2.67,1.528,3
26e46ed4-9eda-4a46-badb-4758686933c4,contrastive,1.0,0.0,3,1.0,0.0,3,1.67,0.577,3,1.0,0.0,3
27276fa4-4d27-4112-a3d7-855690eb089b,abductive,1.0,0.0,3,1.0,0.0,3,,0.0,0,1.0,0.0,3
277fdf4b-e5d3-48ee-8bf7-46811480bd90,abductive,1.0,0.0,3,1.67,1.155,3,,0.0,0,1.0,0.0,3
27b2bc0a-b951-4d67-9cfd-907d5acbc5cc,feature_attribution,1.0,0.0,3,4.67,0.577,3,,0.0,0,5.0,0.0,3
27f61220-9362-4fd6-bcc4-4e6c952ebc6c,feature_attribution,2.0,0.0,3,4.0,0.0,3,,0.0,0,5.0,0.0,3
2829e2e1-afc5-431a-b73e-b97cab8f18cb,abductive,1.0,0.0,3,1.67,1.155,3,,0.0,0,2.0,1.732,3
285c3786-bb24-4e4b-b2f2-b8cb4bec08ae,abductive,1.0,0.0,3,1.67,1.155,3,,0.0,0,3.33,1.528,3
285fd48b-d876-4a85-aa2c-a5be2f7599c2,counterfactual,1.0,0.0,3,2.67,0.577,3,3.0,0.0,3,3.0,1.0,3
28763f6a-b46d-48a4-835f-c31ef77ac6e5,counterfactual,1.0,0.0,3,1.0,0.0,3,1.0,0.0,3,1.33,0.577,3
28938f79-f95f-4f43-b95d-2b514abe62ae,abductive,1.0,0.0,3,1.0,0.0,3,,0.0,0,1.0,0.0,3
28ba03ae-fd63-4ac7-afc4-0a83a32faeb5,contrastive,1.0,0.0,2,5.0,0.0,2,2.0,0.0,2,5.0,0.0,2
28d3270d-ff2f-4867-bee4-47a24d07cc60,abductive,1.0,0.0,3,1.0,0.0,3,,0.0,0,1.0,0.0,3
28fb7f42-0b87-44e6-bffb-309175821978,counterfactual,1.0,0.0,3,1.33,0.577,3,1.33,0.577,3,1.67,1.155,3
29c7586c-2f10-4190-95f9-b5d9912edd86,contrastive,1.67,0.577,3,4.33,0.577,3,3.33,1.528,3,5.0,0.0,3
29fced7c-dea9-46c6-8cf9-9d014b846bb6,feature_attribution,1.0,0.0,3,4.33,0.577,3,,0.0,0,2.67,0.577,3
2a5c8e89-6bc7-43c3-81f0-9a39f31e13e2,counterfactual,1.0,0.0,3,1.67,1.155,3,1.67,0.577,3,1.33,0.577,3
2a6193f7-9882-4d50-a510-56a08de5cecb,contrastive,1.0,0.0,3,1.0,0.0,3,1.0,0.0,3,1.0,0.0,3
2a759318-1d83-4031-a3f8-43408b883966,feature_attribution,1.0,0.0,3,2.67,0.577,3,,0.0,0,4.0,0.0,3
2a7d064d-c7ce-4ff6-9b23-040cb0550693,abductive,1.0,0.0,3,1.0,0.0,3,,0.0,0,4.0,1.732,3
2ae7f882-f711-4a1d-bb41-97c7e7870623,counterfactual,1.0,0.0,3,3.0,0.0,3,1.0,0.0,3,3.33,1.155,3
2b468a0e-16b1-48c1-a26d-688f2324fa9d,feature_attribution,1.0,0.0,3,1.67,0.577,3,,0.0,0,1.67,0.577,3
2b730686-ecc9-48b5-9b2f-b0df40393a28,abductive,1.0,0.0,2,1.0,0.0,2,,0.0,0,1.0,0.0,2
2bcd195c-9c2c-48bc-a280-0cb5a6c43fdb,counterfactual,1.0,0.0,3,3.0,0.0,3,4.0,0.0,3,3.0,0.0,3
2c25df8b-477b-4a15-8fdd-706b2d2515ac,counterfactual,1.0,0.0,3,5.0,0.0,3,5.0,0.0,3,5.0,0.0,3
2c58ddeb-4f9e-46d4-9691-6cb01e5d9652,abductive,1.0,0.0,3,1.0,0.0,3,,0.0,0,3.0,1.732,3
2c66974c-0042-4364-8ff6-34e0c41370c2,feature_attribution,1.0,0.0,3,5.0,0.0,3,,0.0,0,2.67,1.528,3
2c99ccaa-b42e-4211-b75a-7de4b1af1307,feature_attribution,1.0,0.0,3,5.0,0.0,3,,0.0,0,3.67,0.577,3
2ca2d0ae-734f-4a61-be4b-b5d3372ee91b,feature_attribution,1.0,0.0,3,5.0,0.0,3,,0.0,0,4.33,0.577,3
2ca4e9e5-a122-46b6-825e-f7a90ca864ff,feature_attribution,1.0,0.0,3,3.0,0.0,3,,0.0,0,4.33,0.577,3
2d36a58d-4d1b-46ca-b729-e2860193cf36,counterfactual,1.0,0.0,3,1.0,0.0,3,1.0,0.0,3,1.0,0.0,3
2dcb41c3-0080-4c38-a0df-53570ee4d440,feature_attribution,1.0,0.0,3,4.33,0.577,3,,0.0,0,3.0,1.732,3
2dee94dd-d919-4f6c-868c-417cab75f869,feature_attribution,1.33,0.577,3,4.33,0.577,3,,0.0,0,4.67,0.577,3
2e3e9358-6aeb-416a-a3e5-6db5a6c819a6,abductive,1.0,0.0,3,1.0,0.0,3,,0.0,0,2.0,1.732,3
2e6a1ef8-5b76-4a9f-96e1-38d0fc84c4d6,contrastive,1.0,0.0,3,1.0,0.0,3,1.0,0.0,3,2.0,1.732,3
2e6aec7b-3184-425b-ae3d-09c3afcf601d,counterfactual,1.0,0.0,3,1.0,0.0,3,5.0,0.0,3,1.0,0.0,3
2e8bd417-d02a-4dde-8466-6ea0d3d118e8,counterfactual,1.5,0.707,2,3.0,1.414,2,4.0,0.0,2,4.5,0.707,2
2e99ac56-1857-4a45-a457-251408b18495,feature_attribution,2.0,0.0,3,4.67,0.577,3,,0.0,0,3.33,0.577,3
2ebbf42d-1d79-4a01-b0fc-d66182be34cb,abductive,1.0,0.0,3,1.0,0.0,3,,0.0,0,1.33,0.577,3
2ecc45d6-cccf-44ea-adf7-7fe44c20036b,contrastive,1.0,0.0,3,1.0,0.0,3,1.0,0.0,3,1.0,0.0,3
2f31cb67-a584-47b0-82c3-4330307d0eff,counterfactual,1.33,0.577,3,4.0,0.0,3,3.0,0.0,3,4.67,0.577,3
2f3bb196-cc2a-4085-9968-0328ea33fabe,contrastive,1.0,0.0,3,1.0,0.0,3,1.33,0.577,3,3.0,1.732,3
2fb42075-1540-4009-8983-6248fa7ba629,counterfactual,1.0,0.0,3,2.0,1.0,3,1.0,0.0,3,4.33,0.577,3
3072143f-5dae-4d42-9eb6-dd78eb4f7617,feature_attribution,1.0,0.0,3,1.0,0.0,3,,0.0,0,1.0,0.0,3
30910ab3-700f-48ba-a761-323c1a925bbb,contrastive,1.0,0.0,3,1.67,1.155,3,1.33,0.577,3,1.0,0.0,3
30b91af7-ffc3-4b51-895c-7e42f8c0c138,abductive,1.0,0.0,3,1.0,0.0,3,,0.0,0,1.33,0.577,3
30c40ca5-d517-4b8e-84dc-dbb488b030bf,feature_attribution,1.0,0.0,3,4.67,0.577,3,,0.0,0,5.0,0.0,3
3115a93f-f8a7-4f66-9fff-641cda7fad77,abductive,1.0,0.0,3,1.0,0.0,3,,0.0,0,3.33,2.082,3
315baefa-20fa-425b-9876-b5e89a2d758a,abductive,1.0,0.0,3,1.0,0.0,3,,0.0,0,1.33,0.577,3
318d9c9c-0633-4a76-90e8-66393752860e,feature_attribution,1.0,0.0,3,4.0,0.0,3,,0.0,0,4.67,0.577,3
319b1e35-7fed-4533-9ce9-32bdb97d5b75,counterfactual,1.0,0.0,3,1.0,0.0,3,1.0,0.0,3,2.33,1.528,3
32374657-6a06-441f-b11f-c11d79b43c4b,feature_attribution,2.0,0.0,3,4.33,0.577,3,,0.0,0,5.0,0.0,3
323a6284-e51a-42be-b28c-df7b93aec330,counterfactual,1.0,0.0,3,3.0,0.0,3,1.0,0.0,3,4.0,0.0,3
33929237-567a-40f9-993b-f35ff3f8f8e5,feature_attribution,1.0,0.0,3,3.67,0.577,3,,0.0,0,4.67,0.577,3
33a31e5f-7c51-4ebc-ad60-75350359f795,feature_attribution,1.67,0.577,3,4.67,0.577,3,,0.0,0,3.67,0.577,3
33e970af-cd08-40e2-8d46-1c6fa8c074e9,feature_attribution,1.0,0.0,3,4.33,0.577,3,,0.0,0,4.33,0.577,3
343fc82f-4c0e-4239-9d0a-c1f0a8db1e8a,contrastive,1.0,0.0,3,1.0,0.0,3,1.0,0.0,3,1.0,0.0,3
34af1cab-2757-4177-bfee-5d6e7de5ef0d,abductive,1.0,0.0,3,1.0,0.0,3,,0.0,0,3.33,2.082,3
34d68bcd-ec54-4f4a-a908-183a842214c1,feature_attribution,2.0,0.0,3,5.0,0.0,3,,0.0,0,3.67,0.577,3
34def0d7-4f3b-4ab4-bd6c-76727204c778,contrastive,1.0,0.0,3,1.0,0.0,3,1.0,0.0,3,2.33,1.528,3
350803b5-8799-4018-938c-7d0b7dddfc15,abductive,1.0,0.0,3,2.33,1.155,3,,0.0,0,4.0,0.0,3
350b0484-8788-4d2b-a320-98f802d3d9e5,abductive,1.0,0.0,3,1.0,0.0,3,,0.0,0,4.0,1.732,3
35320b04-9836-4f1b-823a-ac3cdc642744,contrastive,1.0,0.0,3,1.0,0.0,3,1.67,0.577,3,1.0,0.0,3
353dcc3a-ac9e-4a69-b8e7-8b5569464ea3,feature_attribution,1.0,0.0,3,3.33,0.577,3,,0.0,0,1.0,0.0,3
354c61e8-b07c-4c86-97d7-ec6782662de8,feature_attribution,1.0,0.0,3,5.0,0.0,3,,0.0,0,5.0,0.0,3
3560ace8-a32a-4115-8278-5c376d90d99f,contrastive,1.0,0.0,3,1.0,0.0,3,1.0,0.0,3,3.33,2.082,3
3560b8dc-1b74-44b6-bfb5-504bff5b0014,feature_attribution,1.67,0.577,3,3.67,0.577,3,,0.0,0,2.0,1.0,3
35610a3f-8d4a-494a-8ff5-6792cb6d2e3c,abductive,1.67,0.577,3,1.33,0.577,3,,0.0,0,1.0,0.0,3
35616ff3-5441-4c8f-8a32-686263ef8883,contrastive,1.0,0.0,3,1.0,0.0,3,3.0,0.0,3,1.0,0.0,3
35c4df41-576b-49b7-a74c-6dd7b14ceafa,abductive,1.0,0.0,3,1.0,0.0,3,,0.0,0,2.33,2.309,3
35ebc201-1d1e-4c72-b1da-385f56a42d8e,counterfactual,1.0,0.0,3,1.0,0.0,3,1.33,0.577,3,1.0,0.0,3
3623f434-5855-4e9a-8974-07b177ef6ade,feature_attribution,1.0,0.0,3,4.0,0.0,3,,0.0,0,3.67,0.577,3
36418c45-e864-4a9e-8b6b-bda0e1aaf2a1,abductive,1.0,0.0,3,1.0,0.0,3,,0.0,0,3.67,1.528,3
369fcb40-b9b2-45e1-bea8-9a9c63d28d5f,abductive,1.0,0.0,3,3.67,1.155,3,,0.0,0,4.33,0.577,3
36a51265-d1f8-4f6d-9383-a60a9ed1d3ad,feature_attribution,2.0,0.0,3,5.0,0.0,3,,0.0,0,5.0,0.0,3
36ab4d80-ec71-4e24-bbc5-531a7fd69086,feature_attribution,1.0,0.0,3,3.0,0.0,3,,0.0,0,4.0,0.0,3
36b995ea-6ee4-4a77-9b37-4417f5b0c627,contrastive,1.0,0.0,3,5.0,0.0,3,3.0,0.0,3,1.0,0.0,3
36dbcfa1-ff9a-4ccc-b412-d2d9aa27eeea,contrastive,1.0,0.0,3,3.0,0.0,3,1.0,0.0,3,3.67,1.155,3
3740e7ad-5552-4181-8a43-5dd0d51d44f3,contrastive,1.0,0.0,3,5.0,0.0,3,5.0,0.0,3,3.0,2.0,3
37f644ba-b605-4815-a2cb-8a460801639c,contrastive,1.0,0.0,3,1.67,0.577,3,3.0,0.0,3,4.33,0.577,3
3822977b-b7a1-44c0-bcaa-8d0b491bb20e,contrastive,1.0,0.0,3,1.0,0.0,3,1.0,0.0,3,1.0,0.0,3
383d0abd-6021-4ac1-9b86-6bfd653709a6,abductive,1.0,0.0,3,1.0,0.0,3,,0.0,0,3.67,2.309,3
391a57a0-2121-46fd-8949-a38aea5cea80,feature_attribution,1.0,0.0,3,5.0,0.0,3,,0.0,0,4.0,1.0,3
395bf71d-ecaa-40b9-a021-22deb6406639,abductive,1.0,0.0,3,1.0,0.0,3,,0.0,0,1.0,0.0,3
39923db7-887e-4a08-b6c9-57c768451512,counterfactual,1.0,0.0,3,1.0,0.0,3,1.67,0.577,3,1.33,0.577,3
399b1e3f-744b-4489-8b6f-93ec2a50757f,contrastive,1.0,0.0,2,5.0,0.0,2,1.0,0.0,2,1.5,0.707,2
3a0a2e64-9ca2-4392-a6db-6fa404a777dc,abductive,1.0,0.0,3,1.0,0.0,3,,0.0,0,1.0,0.0,3
3a79a77d-b354-4403-a29d-42fb12bdc45c,contrastive,1.33,0.577,3,2.33,1.155,3,1.67,1.155,3,3.0,0.0,3
3a826acf-3d85-43cd-95fe-13b807f71c76,contrastive,1.0,0.0,3,3.0,0.0,3,1.0,0.0,3,1.67,0.577,3
3a9c9e80-34bd-4d2b-bc66-947cd0af2d23,feature_attribution,1.0,0.0,3,4.67,0.577,3,,0.0,0,4.0,0.0,3
3aea3139-4bbb-4e53-990f-077d2a395d7c,contrastive,1.0,0.0,3,2.33,2.309,3,5.0,0.0,3,2.33,2.309,3
3aeb7616-695c-4bb9-85b7-7ca097fb26e0,feature_attribution,1.0,0.0,3,4.67,0.577,3,,0.0,0,2.0,1.0,3
3b3cdead-4f2f-42df-8c02-e4849e9fd9de,counterfactual,1.33,0.577,3,3.33,0.577,3,3.0,1.732,3,4.33,0.577,3
3bafce78-1576-45f6-80c4-ab02e9cf859f,feature_attribution,1.0,0.0,3,3.0,0.0,3,,0.0,0,1.0,0.0,3
3c0b9016-8a01-4b98-b4cd-e261db06bfe0,feature_attribution,1.0,0.0,3,5.0,0.0,3,,0.0,0,4.67,0.577,3
3c90b73b-156b-482c-97df-c92a4de56aa8,counterfactual,1.0,0.0,3,1.0,0.0,3,1.67,0.577,3,3.33,1.155,3
3d212d91-9e56-4bcd-a846-b2bd106df692,counterfactual,1.0,0.0,2,2.0,1.414,2,1.0,0.0,2,1.0,0.0,2
3d2cca47-e6ef-4a7f-8678-0122632bd126,abductive,1.0,0.0,3,1.0,0.0,3,,0.0,0,1.0,0.0,3
3d993279-8961-414e-b8be-e9c42781f6b8,abductive,1.0,0.0,3,1.0,0.0,3,,0.0,0,1.0,0.0,3
3dde3482-f61f-4d0e-94b5-58573139ce64,abductive,1.0,0.0,3,1.0,0.0,3,,0.0,0,2.33,2.309,3
3de767dc-b87c-47f5-8f3c-053030c9e1bb,feature_attribution,2.0,0.0,3,5.0,0.0,3,,0.0,0,5.0,0.0,3
3eb8e943-98c6-4716-8e42-1b66237cc06a,counterfactual,1.33,0.577,3,5.0,0.0,3,3.0,0.0,3,5.0,0.0,3
3edbf362-c533-4217-a339-03b7d1533b32,feature_attribution,1.0,0.0,3,4.67,0.577,3,,0.0,0,4.0,0.0,3
3eeeab31-15d9-4689-ab88-1acda00fd959,contrastive,1.0,0.0,3,1.33,0.577,3,1.0,0.0,3,1.67,1.155,3
3f0f7c07-7803-4388-ad98-70f244bfb7d5,feature_attribution,1.0,0.0,3,3.33,0.577,3,,0.0,0,2.33,1.528,3
3f674eff-d02a-466d-90c3-206790cabfb4,feature_attribution,1.67,0.577,3,4.67,0.577,3,,0.0,0,5.0,0.0,3
3f8eded7-8f1a-4df7-8737-12732c2be252,counterfactual,1.0,0.0,3,2.33,1.155,3,1.0,0.0,3,2.0,1.732,3
3fa9df86-4f7c-43b0-b97b-d188e2f3f640,counterfactual,1.0,0.0,3,3.0,0.0,3,4.0,0.0,3,3.0,0.0,3
3fe2f9c5-dc55-49eb-85b4-07362752fc1d,abductive,1.0,0.0,3,2.0,1.0,3,,0.0,0,2.0,1.0,3
40351497-8c85-4306-86c7-b05706b558fc,counterfactual,1.0,0.0,3,1.33,0.577,3,2.33,0.577,3,3.0,1.732,3
40a5cd0d-99b1-409a-802a-f14fc887ea54,feature_attribution,1.33,0.577,3,4.67,0.577,3,,0.0,0,5.0,0.0,3
40bc038a-fb2c-4701-8baf-a35dc61f94fb,abductive,1.0,0.0,3,2.67,0.577,3,,0.0,0,2.67,0.577,3
40ce63b4-106f-463a-b4d5-130820284632,feature_attribution,1.0,0.0,3,4.0,0.0,3,,0.0,0,4.33,0.577,3
410c89e7-d5d4-48dd-9887-a7fc83432985,contrastive,1.0,0.0,3,1.0,0.0,3,1.0,0.0,3,1.0,0.0,3
4124bb68-5738-45aa-8827-c78789cb8cdc,counterfactual,1.0,0.0,2,3.0,0.0,2,1.0,0.0,2,5.0,0.0,2
414af74b-fdeb-47c5-96d8-23849a0d9d71,counterfactual,1.0,0.0,2,4.0,0.0,2,1.0,0.0,2,5.0,0.0,2
415c4df3-b210-4fec-9a57-115a44f76b43,abductive,1.0,0.0,2,1.0,0.0,2,,0.0,0,1.0,0.0,2
416a726f-c94f-4ed5-a6c6-55b8cf2e68cf,contrastive,4.0,1.732,3,4.67,0.577,3,2.0,0.0,3,5.0,0.0,3
418b7990-c30b-4512-b0fc-2bdd2bb73882,abductive,1.0,0.0,3,1.0,0.0,3,,0.0,0,1.0,0.0,3
41b7418c-6261-44b0-a102-8e208a9871c4,counterfactual,1.0,0.0,3,2.0,1.0,3,1.0,0.0,3,4.33,0.577,3
41c7df34-886b-4a00-b47b-b2d8af8f5bdf,counterfactual,1.0,0.0,3,5.0,0.0,3,4.0,0.0,3,5.0,0.0,3
4275b6b9-f3b1-4f57-8c2b-e0ec88755d4a,feature_attribution,1.67,0.577,3,4.0,0.0,3,,0.0,0,4.67,0.577,3
4277b284-a741-4581-b0e6-54196f5c7dae,counterfactual,1.0,0.0,3,3.0,1.0,3,1.0,0.0,3,3.67,0.577,3
42a61712-8082-4f35-ba8f-1db521658813,feature_attribution,1.0,0.0,3,4.67,0.577,3,,0.0,0,3.0,0.0,3
42b1a4c8-4994-4757-878c-84478412120a,contrastive,1.0,0.0,3,2.0,1.0,3,2.0,1.0,3,4.67,0.577,3
4324e60e-d9d1-4394-ba3d-8612fb1940bb,feature_attribution,1.67,0.577,3,4.33,0.577,3,,0.0,0,4.67,0.577,3
43566280-d661-4fbf-9cbb-17b14dfbd993,contrastive,1.0,0.0,3,2.0,1.0,3,1.67,1.155,3,5.0,0.0,3
4381fc60-d2d7-4beb-ad22-c2d3f0be0488,feature_attribution,1.0,0.0,3,1.0,0.0,3,,0.0,0,1.0,0.0,3
4389b5e6-c266-4b26-a806-f8a93c65acd6,counterfactual,1.0,0.0,3,1.0,0.0,3,1.33,0.577,3,2.0,1.0,3
43f851a1-a249-4f0f-9d61-4bb9f1358066,counterfactual,1.0,0.0,3,1.0,0.0,3,1.67,0.577,3,1.67,0.577,3
4411be52-ff81-4d31-a995-f2353972dd05,feature_attribution,1.0,0.0,3,4.33,0.577,3,,0.0,0,4.67,0.577,3
4419335d-d682-4ca0-8b0b-b32f657ae3b1,contrastive,1.0,0.0,3,2.33,1.155,3,3.33,1.528,3,1.0,0.0,3
4422bec7-7171-4866-bcc3-119723d6b139,contrastive,1.0,0.0,3,3.0,0.0,3,1.0,0.0,3,3.33,0.577,3
446ee6d0-057b-4cb6-9f5a-a084047c5126,counterfactual,1.0,0.0,3,2.0,1.0,3,1.0,0.0,3,2.33,1.528,3
447af4e6-e5d7-443c-a9dc-4d60122d2c66,feature_attribution,2.0,0.0,3,4.33,0.577,3,,0.0,0,5.0,0.0,3
448bab07-5bb1-4b0a-97b0-ec10c7c4d69e,feature_attribution,1.0,0.0,3,3.0,0.0,3,,0.0,0,2.67,1.155,3
448f473d-3c57-4407-bb50-b8b1f411df14,feature_attribution,1.33,0.577,3,4.67,0.577,3,,0.0,0,5.0,0.0,3
44e475cc-cf9d-4695-a654-675ddb8b08a7,abductive,1.0,0.0,3,1.0,0.0,3,,0.0,0,3.67,2.309,3
457a29d4-873b-4732-999f-4c3f2646d6b2,abductive,1.0,0.0,3,1.0,0.0,3,,0.0,0,1.0,0.0,3
459256b1-b788-4457-b7f6-a3740cfac046,feature_attribution,1.0,0.0,3,4.0,0.0,3,,0.0,0,5.0,0.0,3
45a612c5-8109-4815-b4e0-8f767ef33bcc,contrastive,1.0,0.0,3,1.0,0.0,3,1.0,0.0,3,3.33,1.155,3
45dee33c-10a1-4097-a326-d5dde37700e3,contrastive,1.0,0.0,2,3.0,0.0,2,3.0,0.0,2,3.0,0.0,2
45f69967-e88b-41da-835f-a2e4a1daf199,feature_attribution,1.0,0.0,3,4.33,0.577,3,,0.0,0,5.0,0.0,3
46257ed3-763f-4e86-b7a5-d3d72dfb5454,contrastive,1.0,0.0,3,1.0,0.0,3,1.0,0.0,3,2.0,1.0,3
464d9213-234a-401f-876a-ac951cb2f14a,abductive,1.0,0.0,3,1.0,0.0,3,,0.0,0,1.0,0.0,3
46c2bc0a-814d-4d10-b4b7-7f5beea5855f,counterfactual,1.0,0.0,3,1.0,0.0,3,1.0,0.0,3,1.67,0.577,3
46d86956-18e3-422d-a1a6-393e0820f4c3,abductive,1.0,0.0,3,2.67,0.577,3,,0.0,0,4.0,1.0,3
4712b649-12e8-43a4-ae10-4ed926ce3a29,counterfactual,1.0,0.0,2,2.5,0.707,2,5.0,0.0,2,4.5,0.707,2
4747954d-fd72-4133-be5d-77c53b89dce6,contrastive,3.0,0.0,3,3.67,0.577,3,4.67,0.577,3,3.0,1.0,3
47a5da21-d160-40be-8564-422fc17b43f5,counterfactual,1.5,0.707,2,5.0,0.0,2,4.0,0.0,2,5.0,0.0,2
486f2d29-871c-4a58-a30f-7a47f22f5c4a,abductive,1.0,0.0,3,1.0,0.0,3,,0.0,0,1.0,0.0,3
489adc8e-e880-4a0c-8835-aaab1292c3aa,contrastive,1.0,0.0,3,1.67,1.155,3,3.0,0.0,3,3.67,1.528,3
48c18bf0-f59d-4b1e-bb27-8d9d74d4f369,feature_attribution,1.0,0.0,3,4.67,0.577,3,,0.0,0,4.67,0.577,3
498db317-711a-448f-9734-9e585b55376a,abductive,1.0,0.0,3,1.0,0.0,3,,0.0,0,1.0,0.0,3
49a2203b-d28e-4b9f-893f-19e88f24556f,feature_attribution,1.0,0.0,3,3.33,0.577,3,,0.0,0,2.33,2.309,3
49c70c8e-8d01-41c7-b7b5-dbf72ab713c8,contrastive,1.0,0.0,3,2.33,1.155,3,1.0,0.0,3,2.33,1.155,3
49d6fda9-a4a0-4829-a466-f2c324eb2aaa,abductive,1.0,0.0,3,1.0,0.0,3,,0.0,0,5.0,0.0,3
49e82463-501e-4854-8df5-9359c8da264d,abductive,1.0,0.0,3,1.0,0.0,3,,0.0,0,1.0,0.0,3
49ee76fd-39d0-4c59-a2f4-0bbb39dab1ee,contrastive,1.0,0.0,3,1.67,1.155,3,1.67,0.577,3,3.33,0.577,3
4a092a00-00f2-43ef-a40a-a13b2179bd8e,abductive,1.0,0.0,3,1.0,0.0,3,,0.0,0,1.0,0.0,3
4a17e181-3bf2-4eef-8ae2-f8a9f4f49909,feature_attribution,2.0,0.0,3,5.0,0.0,3,,0.0,0,5.0,0.0,3
4a45aa25-1a73-488e-8352-212582a2bbe6,counterfactual,1.0,0.0,3,1.67,1.155,3,2.33,0.577,3,2.33,1.155,3
4ab8711f-26d0-42ef-ad30-643129db78c6,abductive,1.0,0.0,3,1.0,0.0,3,,0.0,0,2.33,2.309,3
4ad8ddb0-e7bc-4afb-9831-5a75b2cb98b4,contrastive,3.67,1.155,3,4.0,0.0,3,3.67,0.577,3,4.33,0.577,3
4aeaf5dd-1940-4e52-8c7d-aa05023bb6a5,contrastive,1.0,0.0,3,1.0,0.0,3,1.0,0.0,3,4.0,0.0,3
4b088a3b-52dd-4255-9e01-abb8cf497f2c,abductive,1.0,0.0,3,1.0,0.0,3,,0.0,0,1.0,0.0,3
4b3e6ef9-1cfc-4772-8dc8-63165f9c3c78,counterfactual,1.0,0.0,3,1.33,0.577,3,3.0,0.0,3,1.0,0.0,3
4b89f2ed-4bdf-41b2-8308-2fcf90987e11,counterfactual,1.0,0.0,3,3.67,0.577,3,1.0,0.0,3,5.0,0.0,3
4bafda68-c1ff-4b0e-98f9-40c07049fe45,feature_attribution,1.0,0.0,3,5.0,0.0,3,,0.0,0,3.0,0.0,3
4be7322b-a047-44d7-adab-6f852e87e0e4,abductive,1.0,0.0,3,1.0,0.0,3,,0.0,0,1.0,0.0,3
4c259792-0781-40d3-bb0b-7faf5f17b94f,counterfactual,1.0,0.0,3,1.0,0.0,3,1.33,0.577,3,1.0,0.0,3
4c30e3ce-206f-4833-a3a3-82203fff6141,feature_attribution,2.0,0.0,3,5.0,0.0,3,,0.0,0,5.0,0.0,3
4cb9b9fe-fa34-48b1-bf22-32b468ea55eb,abductive,1.0,0.0,3,1.0,0.0,3,,0.0,0,2.0,1.732,3
4cc1c6b1-6fcb-486c-a038-8cbf15ec90db,counterfactual,1.0,0.0,3,1.0,0.0,3,1.0,0.0,3,1.0,0.0,3
4cd2458b-387c-432e-a4ab-1d922f8ebe5b,counterfactual,1.0,0.0,3,2.67,0.577,3,1.0,0.0,3,4.67,0.577,3
4ceb947f-75b3-42f6-9f8b-8e2c08aa43c9,contrastive,1.0,0.0,3,1.0,0.0,3,1.0,0.0,3,1.0,0.0,3
4ced4f2d-0e86-4b0b-96d8-18f71b89b198,counterfactual,1.0,0.0,3,1.0,0.0,3,1.0,0.0,3,1.0,0.0,3
4d5f0d62-7d2e-4291-bd6d-6cfc9d94d40c,contrastive,1.0,0.0,3,1.0,0.0,3,1.0,0.0,3,4.33,0.577,3
4daaace3-53c1-4e14-9c66-9f31601221c3,abductive,1.0,0.0,3,2.33,1.155,3,,0.0,0,1.67,1.155,3
4db2db74-01ee-4bac-88c3-d280416a7977,counterfactual,1.0,0.0,2,2.0,1.414,2,1.5,0.707,2,1.5,0.707,2
4de570b4-b943-4d98-838f-23e923dfa2ca,abductive,1.0,0.0,3,1.0,0.0,3,,0.0,0,1.0,0.0,3
4e29f5c8-2823-482b-a2bb-235b0171e9c0,abductive,1.0,0.0,3,1.0,0.0,3,,0.0,0,1.0,0.0,3
4e69c686-ce73-4f27-a889-06ca89f2b967,counterfactual,1.0,0.0,3,1.67,1.155,3,2.0,0.0,3,2.0,1.0,3
4e75e96b-a7b8-4fc4-9491-67d19e1b9d1e,abductive,1.0,0.0,3,1.0,0.0,3,,0.0,0,1.67,0.577,3
4eb928f1-d165-4f69-b055-daa00f9b0261,feature_attribution,1.67,0.577,3,5.0,0.0,3,,0.0,0,5.0,0.0,3
4eba31f6-717d-4985-a5c4-e87b081ec961,abductive,1.0,0.0,3,1.0,0.0,3,,0.0,0,1.33,0.577,3
4ec3fa71-31e5-4a79-9efd-117975c87956,contrastive,1.0,0.0,3,1.0,0.0,3,1.0,0.0,3,3.0,1.732,3
4fa61569-fe29-426c-b06b-6b344df319e0,feature_attribution,1.33,0.577,3,4.0,0.0,3,,0.0,0,4.0,0.0,3
5050c41f-7796-43cc-97b4-fa0700c90d7e,contrastive,1.0,0.0,3,1.0,0.0,3,1.0,0.0,3,1.0,0.0,3
509befb3-94e5-4d6b-8a84-023954da1e05,counterfactual,1.0,0.0,3,3.0,0.0,3,1.0,0.0,3,3.67,0.577,3
50b8ab92-6e9b-420d-a069-e1bd85a0380a,counterfactual,1.0,0.0,3,1.0,0.0,3,2.33,0.577,3,3.33,1.155,3
51097ae1-c7ab-4585-9676-717ddb5f0f77,feature_attribution,1.0,0.0,3,4.0,0.0,3,,0.0,0,4.33,0.577,3
5118ef32-d384-494d-9bce-079e94890bb8,contrastive,3.67,2.309,3,3.67,2.309,3,3.33,2.082,3,3.0,2.0,3
51503048-5e76-49fc-bfd7-da4b65fc0c5e,contrastive,1.0,0.0,3,1.0,0.0,3,1.0,0.0,3,1.0,0.0,3
51911347-beec-4c4e-895c-e87c741b61b8,counterfactual,1.0,0.0,3,1.67,1.155,3,1.0,0.0,3,1.67,1.155,3
51de14c0-cd11-4bdf-8046-68649692b2fa,abductive,1.0,0.0,3,1.0,0.0,3,,0.0,0,2.67,2.082,3
52264234-d0ec-4360-9ad5-0545a510099a,counterfactual,1.5,0.707,2,5.0,0.0,2,3.0,0.0,2,5.0,0.0,2
523636b7-6981-49b0-9495-8d29c7d025cf,counterfactual,1.0,0.0,3,1.0,0.0,3,1.0,0.0,3,1.0,0.0,3
529c32c7-3aa8-4631-8b80-48920f981db2,feature_attribution,1.0,0.0,3,4.0,0.0,3,,0.0,0,4.33,0.577,3
52e3be5f-1e31-4c20-9f8a-e28cd49dbffc,counterfactual,1.0,0.0,2,3.0,0.0,2,3.0,0.0,2,4.5,0.707,2
52fc9509-1805-4435-9141-4e72b9041099,contrastive,1.0,0.0,3,1.0,0.0,3,1.0,0.0,3,1.0,0.0,3
531feec5-804a-46f9-8b14-c847f2c58f47,contrastive,1.0,0.0,3,4.33,1.155,3,5.0,0.0,3,3.0,2.0,3
53241760-967f-400f-b011-1c34a74a6199,counterfactual,1.0,0.0,3,2.0,1.0,3,3.0,0.0,3,1.67,0.577,3
53434110-0515-425b-8bb6-0478b9e0d6ed,counterfactual,1.0,0.0,3,1.0,0.0,3,1.0,0.0,3,2.33,1.528,3
540ddf87-cc44-4d9b-9ff5-6a13c42cd62b,counterfactual,1.0,0.0,3,3.33,0.577,3,1.33,0.577,3,4.67,0.577,3
54531c97-1012-41a6-91c9-ec34b8049378,feature_attribution,3.0,1.732,3,5.0,0.0,3,,0.0,0,5.0,0.0,3
546d9a81-4fee-497e-8611-7d81f82c8f93,feature_attribution,1.0,0.0,3,5.0,0.0,3,,0.0,0,5.0,0.0,3
54858b5f-ee1c-47f7-b671-1c3085c16acd,contrastive,1.0,0.0,3,1.0,0.0,3,1.33,0.577,3,1.67,1.155,3
54dda146-7bac-40d6-a00a-c7fa05eef344,counterfactual,1.0,0.0,3,1.0,0.0,3,3.0,0.0,3,2.67,0.577,3
551bf71d-4fed-4a56-a726-9c79856337f0,abductive,1.0,0.0,3,1.0,0.0,3,,0.0,0,1.0,0.0,3
554488ef-ed79-454d-9994-7a296418a3a6,feature_attribution,2.0,0.0,3,4.33,0.577,3,,0.0,0,4.67,0.577,3
554b6373-1ec1-4407-bc6e-319903a8b52c,feature_attribution,1.0,0.0,3,4.67,0.577,3,,0.0,0,4.0,1.0,3
55d4eb0e-ada1-4a50-bedd-8d398af821c2,abductive,1.0,0.0,3,1.0,0.0,3,,0.0,0,1.0,0.0,3
55e3ec79-6aaf-477c-95c7-88772f3fccc6,abductive,1.0,0.0,3,1.0,0.0,3,,0.0,0,2.33,2.309,3
563d422e-7791-4058-b9da-9fe7aaa34064,abductive,1.0,0.0,3,1.0,0.0,3,,0.0,0,4.67,0.577,3
565e5443-3107-4320-9750-d254b6dfeab4,abductive,1.33,0.577,3,1.67,1.155,3,,0.0,0,4.0,0.0,3
566fdbb3-0f5c-4727-8763-ae3073536b1b,contrastive,1.0,0.0,3,1.0,0.0,3,1.0,0.0,3,4.33,0.577,3
56e4fdcd-bc09-4db7-a400-40c7d8c27d21,abductive,1.0,0.0,3,1.0,0.0,3,,0.0,0,1.0,0.0,3
573f4764-162a-4bd9-afa6-764741b613e2,counterfactual,1.0,0.0,3,1.0,0.0,3,1.0,0.0,3,1.0,0.0,3
5741c0a2-f0c1-4d30-8152-db29ee2489d8,abductive,1.0,0.0,2,1.5,0.707,2,,0.0,0,4.5,0.707,2
57a623fe-a93e-4e83-8cc1-73f54df006d9,contrastive,1.0,0.0,3,2.67,0.577,3,2.67,0.577,3,3.33,1.528,3
5882c0fc-8786-44bb-8ee8-666635135dcf,abductive,1.0,0.0,3,2.67,2.082,3,,0.0,0,2.67,2.082,3
58893dbb-183d-4d41-a0f2-d70d909126a8,feature_attribution,1.0,0.0,3,5.0,0.0,3,,0.0,0,4.0,0.0,3
58c1e3f1-3442-46bf-adf5-849071b7d78a,abductive,1.0,0.0,3,1.0,0.0,3,,0.0,0,4.33,0.577,3
58d41662-ff9e-471f-8893-057a1ef1bb47,counterfactual,1.0,0.0,3,1.0,0.0,3,2.0,0.0,3,1.33,0.577,3
58d5a1ad-9a0e-4e55-b260-d693f4eaf4d8,feature_attribution,1.0,0.0,3,5.0,0.0,3,,0.0,0,3.67,0.577,3
58f76072-b192-4e34-9965-499f60a8a2e8,counterfactual,1.0,0.0,3,1.67,1.155,3,2.67,0.577,3,1.0,0.0,3
59cfe570-1de6-4460-93e6-09e5cc7e8632,feature_attribution,1.0,0.0,3,2.67,0.577,3,,0.0,0,4.0,0.0,3
59d8182d-a9a6-46f0-b098-c7656f516e12,contrastive,1.0,0.0,3,3.67,1.155,3,5.0,0.0,3,5.0,0.0,3
59edf4a5-3f93-4326-a700-2d8f0ed64d70,feature_attribution,2.0,0.0,3,4.0,0.0,3,,0.0,0,5.0,0.0,3
5a4fac42-32ca-4462-b71f-e71b7b6f0059,feature_attribution,1.0,0.0,3,3.33,0.577,3,,0.0,0,1.33,0.577,3
5ac0c2fc-39db-4b1a-9073-cc347586ea6b,abductive,1.0,0.0,3,1.0,0.0,3,,0.0,0,1.0,0.0,3
5ac1dd54-638b-4f8b-bc62-87a64a4404cb,contrastive,1.0,0.0,2,1.0,0.0,2,1.0,0.0,2,1.0,0.0,2
5af0b6b6-d3ae-4a2f-85e8-7cec2b00db66,feature_attribution,1.0,0.0,3,3.0,0.0,3,,0.0,0,4.0,0.0,3
5b4523ea-33d8-4958-9b26-1e5eecc7dec1,contrastive,1.0,0.0,3,1.67,1.155,3,2.0,0.0,3,2.33,1.155,3
5b4f27cd-effb-4f18-aec4-73d472def522,feature_attribution,1.0,0.0,3,5.0,0.0,3,,0.0,0,5.0,0.0,3
5b982939-c3a6-4741-94a7-a7b4de6131c8,abductive,1.0,0.0,3,1.0,0.0,3,,0.0,0,5.0,0.0,3
5bbc6e09-a978-4f9d-8183-aff468f23d7a,feature_attribution,1.67,0.577,3,5.0,0.0,3,,0.0,0,4.0,0.0,3
5bc757d9-4965-49a0-b414-2b3f85c34d1b,feature_attribution,1.0,0.0,3,5.0,0.0,3,,0.0,0,5.0,0.0,3
5bcbe9c2-6e1d-41ad-a62b-d2d122f7d108,counterfactual,1.0,0.0,3,1.0,0.0,3,1.0,0.0,3,1.0,0.0,3
5bf15089-a05b-4f7d-a691-dbc10847004c,counterfactual,1.0,0.0,3,1.0,0.0,3,1.67,0.577,3,1.0,0.0,3
5c105400-4f56-4805-99ed-e3d1a25efa6f,counterfactual,1.0,0.0,3,2.67,0.577,3,1.33,0.577,3,4.33,0.577,3
5c22c0a2-ac3c-40bc-aab7-342df4649da4,feature_attribution,1.0,0.0,3,4.0,1.0,3,,0.0,0,4.33,0.577,3
5c4f1bd6-6e42-4e85-a5ba-d03afa6d3f70,counterfactual,1.0,0.0,3,3.33,0.577,3,1.67,1.155,3,4.67,0.577,3
5c968cd7-3031-4473-9e7f-c1c9cec23e63,counterfactual,1.0,0.0,3,1.0,0.0,3,1.0,0.0,3,1.0,0.0,3
5cafb75b-037b-4e88-a7ed-e81b10ad421c,contrastive,1.0,0.0,3,1.0,0.0,3,1.0,0.0,3,1.0,0.0,3
5cbaa43b-be06-4f83-9b52-348b4613a89f,feature_attribution,1.67,0.577,3,5.0,0.0,3,,0.0,0,5.0,0.0,3
5d0057a9-ba5e-4cbf-a84e-79d50f62f2ee,contrastive,3.67,2.309,3,3.67,2.309,3,3.33,2.082,3,3.67,2.309,3
5d7653b3-e64b-4af7-9d22-750121a15336,counterfactual,1.0,0.0,3,2.0,0.0,3,3.0,0.0,3,2.33,1.528,3
5ddea27f-79ac-4d06-9861-d0e753e9209f,counterfactual,1.0,0.0,3,1.67,1.155,3,1.0,0.0,3,3.0,1.0,3
5dee723b-4f75-41f6-8e99-4ad8bd9dda64,counterfactual,1.0,0.0,3,4.33,1.155,3,3.0,0.0,3,5.0,0.0,3
5e603c43-691b-4dbe-b8b1-aa7cc05ac073,abductive,1.0,0.0,3,1.0,0.0,3,,0.0,0,3.33,1.155,3
5e8d1700-5122-4019-a710-df91e378962f,contrastive,1.0,0.0,3,1.0,0.0,3,1.33,0.577,3,2.67,2.082,3
5eb3796f-a031-4424-aad8-531947f05175,abductive,1.0,0.0,3,1.0,0.0,3,,0.0,0,4.67,0.577,3
5ece3489-588e-43ca-8f98-b0a0bd11b9bb,abductive,1.0,0.0,3,1.67,1.155,3,,0.0,0,1.0,0.0,3
5f0d6b58-f8a6-499b-a6d9-b0c1ae0037e3,feature_attribution,1.0,0.0,3,3.0,0.0,3,,0.0,0,1.0,0.0,3
5f18e924-e580-42c2-ba93-5e7ab918b644,abductive,1.0,0.0,3,1.0,0.0,3,,0.0,0,5.0,0.0,3
6046c609-ddb7-4e75-8216-78b252a4ab9d,contrastive,2.0,0.0,3,4.33,0.577,3,3.0,0.0,3,5.0,0.0,3
607cda38-687b-4f18-b22e-6d2a8258b1e0,counterfactual,1.0,0.0,3,1.67,1.155,3,1.33,0.577,3,3.33,0.577,3
60811a86-ad84-462d-92fd-2b07be84794f,counterfactual,1.0,0.0,3,1.0,0.0,3,1.33,0.577,3,1.0,0.0,3
6116b4cb-9dda-4376-897e-68b0a4732204,feature_attribution,1.0,0.0,3,5.0,0.0,3,,0.0,0,3.33,0.577,3
614b05c5-0579-44f5-b1b8-6016ac9aac25,abductive,1.0,0.0,3,1.33,0.577,3,,0.0,0,1.0,0.0,3
61921317-f002-4523-93c8-388b8e83a561,feature_attribution,1.0,0.0,3,3.67,0.577,3,,0.0,0,4.33,0.577,3
61c5b2f9-4f71-4183-8f67-6a1e07809d44,contrastive,1.0,0.0,3,3.67,1.155,3,5.0,0.0,3,1.0,0.0,3
621da4cf-5c7b-4d91-92ac-d3e1c4a2e455,contrastive,1.0,0.0,3,2.33,1.155,3,1.0,0.0,3,5.0,0.0,3
62ad832d-7f9f-4ace-b660-cef60cefd459,abductive,1.0,0.0,3,1.0,0.0,3,,0.0,0,1.0,0.0,3
62b5678f-efe8-44e6-8a5e-231d55623269,contrastive,1.0,0.0,3,1.33,0.577,3,2.33,1.155,3,3.33,0.577,3
631d7633-22d0-4f3f-9ab2-ba38c702ded5,counterfactual,1.0,0.0,3,1.0,0.0,3,2.33,0.577,3,1.0,0.0,3
635324fc-a8db-445a-b3a7-3a805bb2ba81,feature_attribution,1.0,0.0,3,4.0,0.0,3,,0.0,0,5.0,0.0,3
63d6482c-eac8-4f41-8de9-34d8a7a90156,abductive,1.0,0.0,3,1.33,0.577,3,,0.0,0,2.33,2.309,3
63dac1e5-b28e-4796-b305-817b953f9d28,feature_attribution,1.0,0.0,3,3.33,0.577,3,,0.0,0,1.67,1.155,3
63ef3f5d-f796-4a45-9206-ab75fb735566,abductive,1.0,0.0,3,2.33,1.155,3,,0.0,0,4.0,1.732,3
63ff39ed-b8d1-4783-b0fc-a171ad1298cf,contrastive,1.0,0.0,3,2.33,2.309,3,1.0,0.0,3,2.33,2.309,3
641aff9f-39b7-483c-b67b-0a94d9a7d5b8,contrastive,1.0,0.0,3,3.0,0.0,3,1.67,0.577,3,1.0,0.0,3
642765af-1989-421f-93a3-4ad2738e7634,feature_attribution,1.0,0.0,3,3.0,0.0,3,,0.0,0,4.0,0.0,3
643d0890-c612-4121-bee7-e5e9d40bae51,contrastive,1.0,0.0,3,1.0,0.0,3,1.0,0.0,3,1.0,0.0,3
648108c8-4f39-4609-9721-aed601d56a83,feature_attribution,1.33,0.577,3,4.67,0.577,3,,0.0,0,4.67,0.577,3
6501b5f0-843c-4bd6-815d-06628fa0e994,abductive,1.0,0.0,3,1.0,0.0,3,,0.0,0,1.0,0.0,3
65f83b47-1c02-4607-8327-2f8069d96e00,feature_attribution,1.67,0.577,3,4.0,0.0,3,,0.0,0,5.0,0.0,3
65fdf045-2e94-4c02-b3ed-28247e1719c2,feature_attribution,5.0,0.0,3,5.0,0.0,3,,0.0,0,4.33,0.577,3
661d7440-5526-4e9f-9ae6-044c81d5abac,counterfactual,1.0,0.0,3,1.0,0.0,3,1.0,0.0,3,2.33,2.309,3
6645e739-41d2-46d2-a5a2-8a7d34f5093b,abductive,1.0,0.0,3,1.0,0.0,3,,0.0,0,1.0,0.0,3
6655cd43-5f32-453a-be1a-321a0ae1c10e,feature_attribution,1.0,0.0,3,4.33,0.577,3,,0.0,0,4.67,0.577,3
66b27be6-968f-4136-8772-f2a63709bc59,abductive,1.0,0.0,3,1.0,0.0,3,,0.0,0,1.0,0.0,3
66cbf2e5-7434-49c1-81e1-22e4c6bab89e,feature_attribution,1.33,0.577,3,5.0,0.0,3,,0.0,0,5.0,0.0,3
66dbadfd-e848-4293-b3e4-71a6da25e7ef,contrastive,1.0,0.0,3,3.0,0.0,3,2.67,0.577,3,3.67,1.155,3
6742bbca-ce21-4de1-a6b9-d619bc34d15a,abductive,1.0,0.0,3,2.33,2.309,3,,0.0,0,2.67,1.528,3
6784cea0-436f-4af9-ab10-b186d276bce7,abductive,1.0,0.0,3,1.33,0.577,3,,0.0,0,2.67,2.082,3
67d840af-915a-457d-8990-532dc58ecf62,abductive,1.0,0.0,3,1.0,0.0,3,,0.0,0,1.0,0.0,3
67dd69a3-8558-44b2-a676-86ea648719e6,contrastive,1.0,0.0,2,1.0,0.0,2,1.0,0.0,2,4.0,0.0,2
67e37811-3bec-439a-8a3b-fd5f09ff2ab3,abductive,1.0,0.0,3,1.0,0.0,3,,0.0,0,5.0,0.0,3
67f13ef6-ec92-4874-97f0-47967389691e,feature_attribution,1.0,0.0,3,5.0,0.0,3,,0.0,0,3.0,0.0,3
681e300f-063d-48e5-8534-e10f79cc33df,contrastive,1.0,0.0,3,1.0,0.0,3,1.0,0.0,3,2.67,2.082,3
684dfc0e-0847-4b98-8941-e0ed37a84bda,abductive,1.0,0.0,3,1.0,0.0,3,,0.0,0,5.0,0.0,3
68880588-da9f-427f-90d2-9ec95e9b2a44,abductive,1.0,0.0,3,1.0,0.0,3,,0.0,0,1.0,0.0,3
68c13d94-c219-4611-ab59-8bc66e9a5d54,feature_attribution,1.5,0.707,2,5.0,0.0,2,,0.0,0,5.0,0.0,2
68c412f0-4554-4425-a50d-96725d4d3d48,counterfactual,1.0,0.0,3,1.0,0.0,3,4.0,1.732,3,1.0,0.0,3
68cb25e3-a689-4622-845c-1ce56b32984b,abductive,1.0,0.0,3,1.0,0.0,3,,0.0,0,1.67,1.155,3
68e13bb9-9423-4291-88fd-f7b8e7e74d42,contrastive,1.0,0.0,3,3.67,2.309,3,5.0,0.0,3,1.33,0.577,3
68fd1520-34f3-423f-a7ad-3e0f5035a8e2,counterfactual,1.0,0.0,3,1.0,0.0,3,4.0,0.0,3,1.0,0.0,3
693c31e5-a889-4b8f-b4e0-54530fdda472,counterfactual,1.0,0.0,3,1.0,0.0,3,1.0,0.0,3,1.0,0.0,3
697d9c50-0ee8-4085-a2fb-591f1f6481bf,abductive,1.0,0.0,3,1.67,1.155,3,,0.0,0,3.33,1.155,3
6987852e-a3ef-495c-b77f-045744549ebc,abductive,1.0,0.0,3,1.67,1.155,3,,0.0,0,1.0,0.0,3
6a606f45-64ec-4d12-a9d5-b7078e86ea96,feature_attribution,2.0,0.0,3,5.0,0.0,3,,0.0,0,4.0,0.0,3
6a7c1189-5d05-4b4f-9d16-2e0d2c5ef3b6,abductive,1.0,0.0,3,1.0,0.0,3,,0.0,0,1.0,0.0,3
6ad83cb8-be11-4f88-8b96-346d98bdb824,abductive,1.0,0.0,3,1.0,0.0,3,,0.0,0,4.67,0.577,3
6ae1b9b9-a572-4e00-b73f-5945a107bf1a,counterfactual,1.0,0.0,3,2.0,1.0,3,4.0,0.0,3,3.33,0.577,3
6b848324-5b75-4ca6-b0ed-5d83d4016c78,feature_attribution,1.33,0.577,3,5.0,0.0,3,,0.0,0,3.67,0.577,3
6be120ce-5af2-45b4-9710-1d391450d2dd,counterfactual,1.0,0.0,3,2.33,1.155,3,2.0,0.0,3,3.0,0.0,3
6c25b507-8e0c-459c-b8f3-442362833dff,abductive,1.0,0.0,3,1.0,0.0,3,,0.0,0,1.33,0.577,3
6c3225ab-e748-410d-b051-1fa625665e8c,abductive,1.0,0.0,3,1.0,0.0,3,,0.0,0,1.0,0.0,3
6c7b51ce-4bb8-4fcd-9743-6e1b177eb5ec,counterfactual,1.0,0.0,3,3.0,0.0,3,2.0,1.0,3,4.0,1.0,3
6c987f21-bbaf-433c-8e36-408338f84932,feature_attribution,1.0,0.0,3,3.33,0.577,3,,0.0,0,2.0,0.0,3
6d2ace3f-159e-4600-9820-7a78840850be,contrastive,1.0,0.0,3,5.0,0.0,3,5.0,0.0,3,3.67,1.155,3
6d5a4680-d252-487b-8bb1-ea31bda6ea78,feature_attribution,1.0,0.0,3,2.67,0.577,3,,0.0,0,4.0,1.0,3
6d5b7e2d-ea40-4991-8132-fda454efa030,counterfactual,1.0,0.0,3,1.33,0.577,3,3.0,0.0,3,2.67,1.155,3
6d742185-661d-41d8-b025-ee507855150d,feature_attribution,1.0,0.0,3,4.67,0.577,3,,0.0,0,2.0,1.732,3
6d767726-f3a7-4d35-a145-7e009f262889,feature_attribution,1.0,0.0,3,3.67,0.577,3,,0.0,0,4.0,0.0,3
6dde1b45-0117-4128-a294-2da66fc0082b,abductive,1.0,0.0,3,1.0,0.0,3,,0.0,0,4.33,0.577,3
6dea547c-922e-40d2-b5af-1f6027c08e07,contrastive,2.0,0.0,3,4.0,0.0,3,1.67,0.577,3,5.0,0.0,3
6e1271be-052c-4fec-b60e-c3ec6bba2798,abductive,1.0,0.0,3,1.0,0.0,3,,0.0,0,3.33,2.082,3
6e27f2cf-aefb-4064-a29b-813ecb31a430,abductive,1.0,0.0,3,1.0,0.0,3,,0.0,0,3.33,2.082,3
6e30097d-1714-4dcf-a56b-eba4b31047fd,contrastive,1.0,0.0,3,1.67,1.155,3,1.67,0.577,3,1.0,0.0,3
6e8caf5c-7f7a-4918-8c2a-511468adae3f,feature_attribution,1.0,0.0,3,5.0,0.0,3,,0.0,0,5.0,0.0,3
6e909c35-aedc-49dd-b5e5-062c3b50e079,feature_attribution,1.0,0.0,3,4.33,1.155,3,,0.0,0,2.33,1.155,3
6f5ae215-f4ca-40f9-a290-d1dff9e1e30f,contrastive,1.0,0.0,3,1.0,0.0,3,1.0,0.0,3,2.0,0.0,3
6f9bb372-dcad-4d68-8dc8-e40f45dcedd0,contrastive,1.0,0.0,3,1.0,0.0,3,1.0,0.0,3,1.0,0.0,3
6fb18e2e-775d-462d-a5ea-5a6123f669cc,abductive,1.0,0.0,3,1.0,0.0,3,,0.0,0,4.33,0.577,3
6fea4e29-a3d4-4d48-9bb2-8c2fad9ebb12,abductive,1.33,0.577,3,2.33,1.155,3,,0.0,0,4.0,0.0,3
70159741-560c-4101-be60-556c35342814,contrastive,1.0,0.0,3,1.0,0.0,3,1.33,0.577,3,4.0,0.0,3
70163c43-7d6e-4003-a1fd-deab497e86fc,counterfactual,1.0,0.0,3,2.67,1.528,3,1.0,0.0,3,4.67,0.577,3
701e27b8-d5f1-4b90-a071-504287f299d6,abductive,1.0,0.0,3,1.0,0.0,3,,0.0,0,1.33,0.577,3
702614a3-3482-4e35-9d7b-fd6924f5935c,contrastive,1.0,0.0,3,3.0,0.0,3,2.0,0.0,3,3.0,0.0,3
702d9b8f-935d-444c-999b-9dc4346bb183,counterfactual,1.0,0.0,3,1.0,0.0,3,2.0,1.0,3,4.33,0.577,3
708c5a3b-57df-45d5-b967-005692bfe813,contrastive,1.33,0.577,3,4.0,0.0,3,1.0,0.0,3,5.0,0.0,3
708f1b0c-11a7-47fe-88ca-819e17a2a5ef,abductive,1.0,0.0,3,1.0,0.0,3,,0.0,0,1.0,0.0,3
70e671ca-02aa-48ec-98f0-7de1e288dfb8,contrastive,1.0,0.0,3,3.67,2.309,3,5.0,0.0,3,3.67,2.309,3
70f439c0-d7ca-4612-989c-a794c7e47316,counterfactual,1.0,0.0,3,1.33,0.577,3,2.33,0.577,3,1.67,0.577,3
714bb917-dd00-4f68-94f3-bf9d1fcb575f,contrastive,1.0,0.0,3,1.0,0.0,3,1.33,0.577,3,2.67,1.155,3
715a000e-4564-4a62-9b75-2df4181c435b,abductive,1.0,0.0,3,1.0,0.0,3,,0.0,0,2.33,1.528,3
71970f8c-5333-4805-a818-fa97f154e8d8,contrastive,1.0,0.0,3,3.0,0.0,3,3.0,0.0,3,4.67,0.577,3
71e3a768-ad80-4b42-a8b5-b9c5f8086847,counterfactual,1.0,0.0,3,1.0,0.0,3,1.0,0.0,3,1.0,0.0,3
720e1477-c4a4-468d-b9ed-c682a15a5d7b,abductive,1.67,0.577,3,1.67,1.155,3,,0.0,0,1.33,0.577,3
72206ed2-b40b-4dfc-b83b-b0322cd1082c,feature_attribution,1.0,0.0,3,4.0,0.0,3,,0.0,0,5.0,0.0,3
722ffbe4-50fb-438e-9db2-fcd54996db04,contrastive,1.0,0.0,3,1.0,0.0,3,1.0,0.0,3,1.0,0.0,3
723e49ba-737f-4bf9-a47f-178ff260568a,feature_attribution,1.0,0.0,3,4.0,0.0,3,,0.0,0,4.33,0.577,3
72450ab1-8584-4aac-a82d-467a117c400b,feature_attribution,1.0,0.0,3,4.0,0.0,3,,0.0,0,2.67,0.577,3
72921586-f4fd-4739-8488-7932231167a9,counterfactual,1.67,0.577,3,3.33,1.155,3,4.0,0.0,3,3.0,0.0,3
73195679-b59c-4d69-8be1-8b3fb3f414ca,abductive,1.0,0.0,3,1.0,0.0,3,,0.0,0,2.33,1.528,3
73f094e9-a08d-4b1c-8af1-019c3bf0dc59,counterfactual,1.0,0.0,3,1.0,0.0,3,1.33,0.577,3,1.0,0.0,3
7400113e-2a09-47ea-9da5-d9c1b1434eee,counterfactual,1.0,0.0,3,1.0,0.0,3,1.0,0.0,3,1.33,0.577,3
7400199b-49b6-44be-8c8d-619a4b794ac0,feature_attribution,1.33,0.577,3,5.0,0.0,3,,0.0,0,5.0,0.0,3
74412d7a-8713-4149-9f14-626caa5ae0ed,counterfactual,1.0,0.0,3,1.0,0.0,3,1.33,0.577,3,1.0,0.0,3
744975b7-a93d-4358-81e3-a82da3decad2,counterfactual,1.0,0.0,3,1.0,0.0,3,1.33,0.577,3,1.33,0.577,3
746fcd0a-4497-4baa-a31b-b8676dae7cc7,counterfactual,1.67,0.577,3,4.0,0.0,3,3.33,0.577,3,5.0,0.0,3
74d6a843-edfa-4829-8430-048fbb3d4d7a,abductive,1.0,0.0,3,1.0,0.0,3,,0.0,0,2.0,1.732,3
74ff0d8e-d128-45f7-ad48-952185346c73,counterfactual,1.0,0.0,3,3.33,1.528,3,4.0,0.0,3,3.0,0.0,3
75096d35-5d20-4e54-9c12-269598149565,abductive,1.0,0.0,3,1.0,0.0,3,,0.0,0,1.0,0.0,3
751ad756-1a1f-4ed8-bdd2-2bac202f3e34,contrastive,5.0,0.0,3,4.0,0.0,3,4.0,0.0,3,4.67,0.577,3
756fa318-8a77-4a28-80d8-31961b12a9a6,abductive,1.0,0.0,3,2.67,0.577,3,,0.0,0,4.33,0.577,3
75830179-b5c1-4e09-bc57-be1465b3a414,abductive,1.0,0.0,3,2.33,1.155,3,,0.0,0,3.67,2.309,3
761def6c-e321-40f6-a534-2ac13640bf15,abductive,1.0,0.0,3,1.0,0.0,3,,0.0,0,1.0,0.0,3
762917c3-61ee-452f-916d-d2bb515c1e65,abductive,1.0,0.0,3,1.0,0.0,3,,0.0,0,1.0,0.0,3
766cbde4-d6cb-4906-93af-6063f58651ef,counterfactual,2.0,0.0,3,4.0,0.0,3,4.0,0.0,3,5.0,0.0,3
771378e1-794b-4ae1-bce6-2f512620eaf8,feature_attribution,1.0,0.0,3,4.33,0.577,3,,0.0,0,5.0,0.0,3
7738ed30-818d-4c33-9c5a-7e3727911c29,feature_attribution,1.0,0.0,3,4.67,0.577,3,,0.0,0,5.0,0.0,3
776c62c8-c987-49e5-82ce-5c07b97d244f,abductive,1.0,0.0,3,2.0,1.0,3,,0.0,0,2.33,1.528,3
7796b520-1dfb-4040-b146-a1cb24b4e386,contrastive,1.0,0.0,3,1.33,0.577,3,1.0,0.0,3,4.0,1.732,3
77ad71d3-b4ae-4fae-a3cc-005cebf39936,counterfactual,1.0,0.0,3,3.0,0.0,3,1.0,0.0,3,3.67,0.577,3
77bf4a42-1b88-49d2-ae31-0a0982c350cf,feature_attribution,1.67,0.577,3,4.0,0.0,3,,0.0,0,5.0,0.0,3
77cb9f98-3e82-4aef-bb13-55e1f838e98a,contrastive,1.0,0.0,2,5.0,0.0,2,5.0,0.0,2,5.0,0.0,2
7848e6d8-946c-480f-9249-c7892b1fb83f,contrastive,1.0,0.0,3,2.33,1.155,3,1.67,0.577,3,1.67,1.155,3
789023e8-0206-49c8-945f-c90252140fa8,abductive,1.0,0.0,3,1.0,0.0,3,,0.0,0,1.33,0.577,3
78c96cee-e29d-4724-bab9-bae02ade6e24,abductive,1.0,0.0,3,1.0,0.0,3,,0.0,0,1.0,0.0,3
796babeb-38e7-4804-9634-2ce9b7275770,abductive,1.0,0.0,3,1.67,1.155,3,,0.0,0,1.0,0.0,3
79b5561c-e10a-455f-9017-ee509ba7d72a,counterfactual,1.0,0.0,3,1.0,0.0,3,1.0,0.0,3,1.0,0.0,3
7a3443a5-384d-4de5-bce9-d8398a11b429,counterfactual,1.0,0.0,3,3.0,0.0,3,4.0,0.0,3,2.0,1.0,3
7a3946ac-08df-45cb-9a1d-2e2c117cd624,feature_attribution,1.0,0.0,3,4.33,0.577,3,,0.0,0,2.33,1.528,3
7af07563-4cb0-49dc-a0bd-b34b07d8e592,contrastive,1.0,0.0,3,1.0,0.0,3,1.0,0.0,3,4.33,0.577,3
7aff4a65-4fe4-4957-9645-f87b1727634a,contrastive,1.0,0.0,3,5.0,0.0,3,5.0,0.0,3,4.67,0.577,3
7b08d08a-37fc-41d4-ac04-8b342661427a,abductive,1.0,0.0,3,1.0,0.0,3,,0.0,0,4.67,0.577,3
7b0c571e-c5ec-4d34-8ea3-ebd2a34184e9,feature_attribution,1.0,0.0,3,5.0,0.0,3,,0.0,0,5.0,0.0,3
7b29f485-4595-48ff-a0c9-ed20735ad1a9,abductive,1.0,0.0,3,1.0,0.0,3,,0.0,0,1.0,0.0,3
7b446f98-b045-468b-b53c-a71d5242969d,counterfactual,1.67,0.577,3,4.33,0.577,3,3.33,0.577,3,5.0,0.0,3
7bb91290-3abc-4f47-9fd1-f1147a12713d,feature_attribution,1.67,0.577,3,5.0,0.0,3,,0.0,0,5.0,0.0,3
7bff5dd8-c4a1-4cba-9e7e-9caec31d3585,contrastive,1.0,0.0,3,2.33,2.309,3,1.67,1.155,3,1.0,0.0,3
7c02ed73-9a19-49c8-9398-3868feb0597a,contrastive,1.0,0.0,3,1.33,0.577,3,2.0,0.0,3,4.0,1.0,3
7c3767d5-36c5-4687-8eea-2062f77bcc65,abductive,1.0,0.0,3,1.0,0.0,3,,0.0,0,1.0,0.0,3
7c938305-affc-4bf1-84cf-6ff8adea3025,counterfactual,1.0,0.0,2,5.0,0.0,2,3.0,0.0,2,5.0,0.0,2
7c9fa5b1-f011-4328-8d28-55262dc9d5d6,abductive,1.0,0.0,3,1.0,0.0,3,,0.0,0,5.0,0.0,3
7ca18327-8ea9-4ba9-b025-c9f6a065fcad,counterfactual,1.0,0.0,3,1.0,0.0,3,1.0,0.0,3,1.0,0.0,3
7ccb99e2-8698-4f13-8735-d50153adac9c,feature_attribution,1.0,0.0,3,4.0,0.0,3,,0.0,0,4.0,0.0,3
7d5d9b96-7e96-4c3a-ad09-289dec9888e7,feature_attribution,1.0,0.0,3,4.67,0.577,3,,0.0,0,3.0,0.0,3
7e2dd5b9-8110-4432-b158-81f5463dd3c3,contrastive,1.0,0.0,3,1.67,1.155,3,1.0,0.0,3,3.33,0.577,3
7e817b95-a9d4-4049-a96f-0195d475edc0,feature_attribution,1.0,0.0,3,4.0,1.0,3,,0.0,0,1.33,0.577,3
7ea6ced4-3fb7-4e85-a638-dc55d72d5313,counterfactual,1.0,0.0,3,1.0,0.0,3,1.67,0.577,3,2.67,1.528,3
7edbc668-f131-4875-ba09-542124608ad8,abductive,1.0,0.0,3,1.0,0.0,3,,0.0,0,1.0,0.0,3
7f519573-3edd-483a-824a-e83ebcbbc51d,contrastive,1.0,0.0,3,1.0,0.0,3,1.0,0.0,3,1.33,0.577,3
7fbc7051-920f-471b-a79a-580e9f3ab5d0,abductive,1.0,0.0,3,1.0,0.0,3,,0.0,0,1.0,0.0,3
7fbcd5ea-271e-407d-92f2-0c1e49355945,contrastive,1.0,0.0,3,3.0,0.0,3,1.0,0.0,3,3.67,1.155,3
7fd4b14d-2b44-4da5-9226-3c2f39be6862,counterfactual,1.0,0.0,2,4.0,0.0,2,2.0,0.0,2,4.5,0.707,2
8006ecc9-7f84-4216-ba2f-67de7bbb8738,abductive,1.0,0.0,3,1.0,0.0,3,,0.0,0,3.33,2.082,3
800a4dad-c049-438a-a3f3-6b0fcd50344c,counterfactual,1.0,0.0,3,3.67,0.577,3,1.0,0.0,3,5.0,0.0,3
8019e618-257d-416f-9853-564ad961502f,counterfactual,1.0,0.0,3,1.0,0.0,3,2.33,0.577,3,1.0,0.0,3
80524ed3-faf6-4107-abc0-2e77df68e750,feature_attribution,1.33,0.577,3,4.67,0.577,3,,0.0,0,4.67,0.577,3
80936fb7-413b-4eaa-82a8-ccb8cd638804,feature_attribution,1.0,0.0,3,5.0,0.0,3,,0.0,0,3.67,0.577,3
80d13bc2-6e8f-4409-a4fe-5f3efd91fe79,counterfactual,1.0,0.0,3,1.0,0.0,3,2.67,0.577,3,1.0,0.0,3
80ed41e2-33cf-47c3-93b0-2f022c5fe5b3,counterfactual,1.0,0.0,3,2.33,1.155,3,1.0,0.0,3,4.67,0.577,3
81022e63-6013-4eaa-bdfb-7a3f9f35080c,feature_attribution,1.33,0.577,3,5.0,0.0,3,,0.0,0,5.0,0.0,3
81257d73-cb37-4fd4-8fa4-43912ac878b9,abductive,1.0,0.0,3,1.0,0.0,3,,0.0,0,1.0,0.0,3
812b0293-b4e9-4c47-8b84-df3a516d9dfc,contrastive,1.0,0.0,3,1.0,0.0,3,1.0,0.0,3,3.0,1.732,3
81bf4c65-3174-4fb3-90fe-742455fcdf9d,abductive,1.0,0.0,3,1.0,0.0,3,,0.0,0,1.0,0.0,3
82b9c406-39d1-47b0-a522-8c8e3a331716,feature_attribution,1.0,0.0,3,3.0,0.0,3,,0.0,0,4.33,0.577,3
82bb2638-f7f3-4f42-bc0e-469c3d90dfc4,counterfactual,1.0,0.0,3,1.0,0.0,3,1.67,0.577,3,1.33,0.577,3
83122c4f-882b-4246-9eb7-7736867d2ec8,contrastive,1.0,0.0,2,1.0,0.0,2,2.5,0.707,2,2.5,0.707,2
8316ffd0-d839-4363-91d6-cb2ee37c26a6,feature_attribution,1.67,0.577,3,5.0,0.0,3,,0.0,0,5.0,0.0,3
831b4cc6-d9db-47f4-9c6c-111f10c058c6,abductive,1.0,0.0,3,1.0,0.0,3,,0.0,0,1.0,0.0,3
837101b6-d81c-4959-878b-03c0c4ca4e8e,contrastive,1.0,0.0,3,1.67,1.155,3,1.0,0.0,3,4.67,0.577,3
837c8e23-c1c4-4215-be2b-5b152a1f8150,feature_attribution,1.0,0.0,3,3.67,0.577,3,,0.0,0,2.0,1.0,3
840e6e47-6a0f-4afc-bccf-e560c8bb6e08,counterfactual,1.0,0.0,3,1.0,0.0,3,1.0,0.0,3,1.0,0.0,3
842972c5-3f60-4ecb-b955-75fd6a2f547a,feature_attribution,2.0,0.0,3,4.33,0.577,3,,0.0,0,5.0,0.0,3
84363c19-2a7b-4d68-97d6-a57fd4e62163,feature_attribution,1.0,0.0,3,4.0,1.0,3,,0.0,0,5.0,0.0,3
85115400-17f9-4a85-97ff-fd5ed308bd77,feature_attribution,1.0,0.0,3,4.67,0.577,3,,0.0,0,5.0,0.0,3
854320d1-f6ee-4d15-9a73-8f7236d80e04,feature_attribution,1.0,0.0,3,4.67,0.577,3,,0.0,0,3.33,1.155,3
85602fdf-e88a-4ba3-97e7-ad2be1764941,abductive,1.0,0.0,3,1.0,0.0,3,,0.0,0,1.0,0.0,3
85b9625d-9890-44b6-b00b-c271bab1dfa6,counterfactual,1.0,0.0,3,1.0,0.0,3,1.33,0.577,3,3.33,0.577,3
85db9345-8830-4728-947c-70b8e19a8bff,counterfactual,1.0,0.0,3,1.0,0.0,3,1.0,0.0,3,1.0,0.0,3
85f1d037-34df-44ab-89cf-7053db6145e5,abductive,1.0,0.0,3,1.33,0.577,3,,0.0,0,1.0,0.0,3
85f9c8b1-6398-4af4-98b0-c8fd8a4dd8a1,feature_attribution,1.0,0.0,3,3.0,0.0,3,,0.0,0,1.0,0.0,3
862872a6-072c-40b3-9245-a2e5446f3744,abductive,1.0,0.0,3,1.0,0.0,3,,0.0,0,1.0,0.0,3
86335798-0406-4824-9661-336a5b3d602a,contrastive,1.0,0.0,3,1.0,0.0,3,1.67,1.155,3,1.0,0.0,3
8635c46e-712d-4f3e-bfa6-3c763a0cf08a,counterfactual,1.0,0.0,2,3.0,0.0,2,2.5,0.707,2,4.5,0.707,2
867106aa-bf60-4654-9e9f-37ac290345a6,abductive,1.0,0.0,3,1.0,0.0,3,,0.0,0,1.0,0.0,3
86decada-a08a-44c3-97b9-2cc1ab0c9393,abductive,1.0,0.0,3,1.0,0.0,3,,0.0,0,2.33,2.309,3
87475427-2ce9-44d7-899c-ab46c2da4df8,contrastive,3.67,1.528,3,5.0,0.0,3,1.67,0.577,3,5.0,0.0,3
874fc01d-8b80-4ced-924a-c2812cee82b7,counterfactual,1.0,0.0,3,1.0,0.0,3,1.67,0.577,3,1.33,0.577,3
8767a781-4137-4c4a-883e-4014b312c53f,contrastive,1.0,0.0,3,1.67,1.155,3,1.0,0.0,3,2.67,2.082,3
877e0855-7642-4744-841d-2880561ec657,abductive,1.67,0.577,3,2.33,1.155,3,,0.0,0,3.33,1.155,3
8781534f-a29b-47ff-a747-761b70636c0b,counterfactual,1.0,0.0,3,1.0,0.0,3,1.33,0.577,3,1.0,0.0,3
87959ce5-0e83-4f3a-b76f-d39f275a4df5,abductive,1.0,0.0,3,1.0,0.0,3,,0.0,0,1.0,0.0,3
87b843be-3337-449a-a3eb-db27f239cc9f,contrastive,1.0,0.0,3,2.33,1.155,3,1.0,0.0,3,2.0,1.0,3
87ece0f0-cec1-4974-a910-201c78e87770,counterfactual,1.0,0.0,3,2.0,1.732,3,1.67,1.155,3,4.67,0.577,3
88042b71-5d84-414a-86a7-91f5c685e8b9,counterfactual,1.0,0.0,3,1.0,0.0,3,1.67,0.577,3,1.0,0.0,3
888e5783-9850-41c9-97a0-9997e3c89f61,feature_attribution,1.0,0.0,3,3.33,0.577,3,,0.0,0,4.0,0.0,3
88cc821b-1c3d-451e-96e7-63f7f87a498f,abductive,1.0,0.0,3,1.0,0.0,3,,0.0,0,1.0,0.0,3
88cece8c-a3dd-49be-aaab-a94a287325d6,contrastive,1.0,0.0,3,1.33,0.577,3,1.33,0.577,3,1.0,0.0,3
89054c68-6994-4ab7-a1ae-b5a4ef4c686f,contrastive,1.0,0.0,3,1.0,0.0,3,1.0,0.0,3,4.67,0.577,3
894f7c08-20c1-46e7-a8b8-03ad78a926ed,abductive,1.0,0.0,3,1.0,0.0,3,,0.0,0,1.0,0.0,3
8976fb40-723d-498c-b54f-694161eba3fc,feature_attribution,1.0,0.0,3,3.0,0.0,3,,0.0,0,1.33,0.577,3
89acdb53-dbaf-4e6a-9ae6-802cb9821b7b,feature_attribution,1.0,0.0,3,4.33,0.577,3,,0.0,0,5.0,0.0,3
89b780ae-cae7-4ac7-b2e2-fc81f95348ca,feature_attribution,1.67,0.577,3,5.0,0.0,3,,0.0,0,4.67,0.577,3
89c28cd9-ed72-46cc-82d7-bf5e2aabc4cd,counterfactual,1.0,0.0,3,3.67,2.309,3,5.0,0.0,3,2.33,1.155,3
89d75c6e-1efb-4e21-8110-dbd8a0c22c49,feature_attribution,1.0,0.0,3,2.33,0.577,3,,0.0,0,2.67,2.082,3
8a7ce30b-0fef-4ba2-99bc-a66c25fe4377,feature_attribution,2.0,0.0,3,4.33,0.577,3,,0.0,0,5.0,0.0,3
8abef93a-3a99-4b6a-adc0-85063b84af4d,counterfactual,1.0,0.0,3,1.0,0.0,3,2.33,1.155,3,3.33,1.528,3
8ac97a26-03dc-4fe0-8862-a11b971cc82c,contrastive,1.0,0.0,3,2.33,1.155,3,1.0,0.0,3,3.0,0.0,3
8b16a3ff-c478-4f16-92f5-4046abe52afc,abductive,1.0,0.0,3,1.0,0.0,3,,0.0,0,2.33,1.528,3
8b29adf1-45b4-4240-bcf6-25b77188b7b8,abductive,1.0,0.0,3,1.0,0.0,3,,0.0,0,1.0,0.0,3
8b851c72-de56-452f-a441-02716620f561,counterfactual,1.0,0.0,3,4.33,0.577,3,1.0,0.0,3,5.0,0.0,3
8bc00a84-64e1-4228-bea6-52a7738a2e07,counterfactual,1.0,0.0,3,3.33,0.577,3,1.33,0.577,3,5.0,0.0,3
8c05d8eb-574b-4c4e-9258-b8abb45fc575,abductive,1.0,0.0,3,2.0,1.0,3,,0.0,0,2.67,0.577,3
8c90b6e3-7189-4a0c-a91d-cf19d32403ed,contrastive,1.0,0.0,3,1.0,0.0,3,1.67,0.577,3,1.67,1.155,3
8ca4306f-9ec2-48bf-8ff4-fdc175b6fe2d,contrastive,1.0,0.0,3,2.33,1.155,3,2.0,0.0,3,1.67,1.155,3
8cf0280a-114e-4d3e-be5f-d187a7b34e95,contrastive,1.0,0.0,2,4.0,1.414,2,1.0,0.0,2,5.0,0.0,2
8d3d27c2-cdf8-4f77-8d14-65e9d830dc98,abductive,1.0,0.0,3,1.33,0.577,3,,0.0,0,3.0,1.732,3
8d443c94-d83a-4bbe-86ed-ea8cf5ff2dec,feature_attribution,1.0,0.0,3,2.67,0.577,3,,0.0,0,4.67,0.577,3
8d547ea9-b8d5-4d19-8df0-ca3def753a5c,abductive,1.0,0.0,3,1.0,0.0,3,,0.0,0,1.0,0.0,3
8d8d421b-612c-4ef5-95e8-747e296f1a88,contrastive,5.0,0.0,3,5.0,0.0,3,1.67,0.577,3,5.0,0.0,3
8dfbc597-63d3-4b56-8afa-c8f5583a9a21,abductive,1.0,0.0,3,2.0,1.0,3,,0.0,0,1.0,0.0,3
8e14028d-3aaa-460f-b739-82c42dd2eb27,counterfactual,1.0,0.0,3,3.67,0.577,3,3.0,0.0,3,5.0,0.0,3
8ec9c6a0-6cf7-4e3c-84fb-570f3ff0f246,abductive,1.0,0.0,2,1.0,0.0,2,,0.0,0,1.5,0.707,2
8ee29991-3f71-4f63-802d-5eb72484cc87,abductive,1.0,0.0,3,1.67,1.155,3,,0.0,0,1.67,1.155,3
8ee4207e-18ac-4f79-820f-38b761b5591f,abductive,1.0,0.0,2,1.0,0.0,2,,0.0,0,1.5,0.707,2
8f301524-ba65-4ab5-bf53-88c6a313f3df,feature_attribution,1.0,0.0,3,4.33,0.577,3,,0.0,0,3.33,0.577,3
8f6df427-53ad-4888-b53f-463fcb012a2f,counterfactual,1.0,0.0,3,1.0,0.0,3,3.0,0.0,3,1.67,1.155,3
8f7aba57-93c3-47fc-a047-d84dc9783960,counterfactual,1.0,0.0,3,1.0,0.0,3,1.0,0.0,3,1.0,0.0,3
8f8124c4-d28b-4404-a6a6-1736b922a674,counterfactual,1.0,0.0,3,1.33,0.577,3,1.67,1.155,3,1.33,0.577,3
8f8da0f1-69c9-47d0-bfbf-578773176630,contrastive,1.0,0.0,3,3.0,0.0,3,1.0,0.0,3,1.33,0.577,3
8fa4599a-6a54-4113-a674-3aa46cc65283,counterfactual,1.0,0.0,3,2.0,1.0,3,2.33,0.577,3,2.33,1.155,3
8fae956f-4fd6-470d-9268-8ddf2ca0e911,counterfactual,1.0,0.0,3,1.33,0.577,3,4.0,0.0,3,1.0,0.0,3
8fb7773e-ea0b-420e-b1b1-4733bd2d0fa9,abductive,1.0,0.0,3,2.33,1.155,3,,0.0,0,1.0,0.0,3
8fc425a0-9d73-43b8-8702-5dfb90b2a283,contrastive,1.0,0.0,3,5.0,0.0,3,5.0,0.0,3,5.0,0.0,3
8fc563b3-4055-4a17-bd15-58c082063bd5,counterfactual,1.0,0.0,3,2.33,2.309,3,5.0,0.0,3,1.67,1.155,3
90762fd9-e262-4c34-8293-abdb12e2651c,counterfactual,1.0,0.0,3,1.67,1.155,3,2.67,0.577,3,2.33,1.155,3
90828cfc-44fd-492b-a16f-1775e90d31b0,feature_attribution,1.0,0.0,3,5.0,0.0,3,,0.0,0,5.0,0.0,3
90bcca38-475c-42f0-85e9-55eb8e2b767b,abductive,1.0,0.0,3,1.0,0.0,3,,0.0,0,5.0,0.0,3
916b488b-8673-4814-8d2d-e6c41717d0a7,contrastive,1.0,0.0,3,2.0,1.0,3,2.67,0.577,3,1.0,0.0,3
91728cbc-872b-432c-8c98-34172a230e09,contrastive,5.0,0.0,3,4.33,0.577,3,4.67,0.577,3,3.33,0.577,3
91a5d2ba-7700-4c6b-9f48-927e64767c7c,feature_attribution,1.0,0.0,3,4.0,0.0,3,,0.0,0,4.33,0.577,3
91f03e8a-32ce-4b19-a1fe-697d406bc6ee,abductive,1.0,0.0,3,1.0,0.0,3,,0.0,0,1.0,0.0,3
91f1b658-c32f-4a0d-8fe1-1e22efc41c76,counterfactual,1.0,0.0,3,1.0,0.0,3,2.0,1.0,3,1.0,0.0,3
9236f29e-d3d2-4b38-8294-01ee1d500d88,abductive,1.0,0.0,3,1.0,0.0,3,,0.0,0,1.0,0.0,3
925a8ef4-53e7-40c0-84ff-046cd761a6aa,counterfactual,1.0,0.0,3,2.33,1.155,3,1.0,0.0,3,5.0,0.0,3
92ed4b92-0985-46c9-86bc-d864314ed650,abductive,1.0,0.0,3,2.0,1.0,3,,0.0,0,1.0,0.0,3
9322a27c-4fa0-47d4-9c3c-1d894504d879,contrastive,1.0,0.0,3,3.67,0.577,3,1.67,0.577,3,4.67,0.577,3
93663a76-32dd-4bdf-8d70-6618effd29b3,counterfactual,1.0,0.0,3,1.0,0.0,3,1.0,0.0,3,1.0,0.0,3
9374fff9-80fa-4db4-a2db-ce9e88904ed8,feature_attribution,1.67,0.577,3,5.0,0.0,3,,0.0,0,5.0,0.0,3
939edb2c-ee01-4359-9135-e8f1a6f84a21,feature_attribution,1.0,0.0,3,4.0,1.0,3,,0.0,0,1.0,0.0,3
93b6d0f0-8ed4-4996-bbe7-93060801aae0,contrastive,5.0,0.0,3,4.67,0.577,3,4.67,0.577,3,3.67,1.155,3
93d21f96-cebe-4181-b797-0149e75929ae,counterfactual,1.0,0.0,3,4.33,0.577,3,1.67,0.577,3,5.0,0.0,3
9410d526-7bed-4c70-a91e-ecdd313e1e9c,feature_attribution,2.0,0.0,3,4.33,0.577,3,,0.0,0,5.0,0.0,3
94a71dc7-3f4b-4868-af6d-fa1080677f06,counterfactual,1.0,0.0,3,1.67,1.155,3,2.67,0.577,3,2.67,0.577,3
94f71899-0959-4dda-927b-56135c3b26f3,abductive,1.0,0.0,3,1.0,0.0,3,,0.0,0,1.0,0.0,3
9521dd9f-e15d-4e2f-9dbb-0b4d03003bb0,abductive,1.0,0.0,3,2.33,1.155,3,,0.0,0,1.0,0.0,3
9534c875-4332-4e19-a3e2-8128e35a92d5,counterfactual,1.5,0.707,2,3.0,0.0,2,4.0,0.0,2,3.0,0.0,2
960b9048-7e47-4a8f-9e70-7c961b207dc8,abductive,1.0,0.0,3,1.0,0.0,3,,0.0,0,1.33,0.577,3
9654e5ee-4e69-4c32-8bfb-8c27be9b7dad,counterfactual,1.0,0.0,3,3.0,0.0,3,1.0,0.0,3,4.0,1.0,3
9681ba1e-c7ac-4a03-a750-02f1b789094e,counterfactual,1.0,0.0,3,1.0,0.0,3,1.0,0.0,3,1.0,0.0,3
969c80e0-7705-4ad8-9cef-2358c60e6934,feature_attribution,1.33,0.577,3,3.67,0.577,3,,0.0,0,2.67,1.155,3
96eb148d-ac2f-4043-b9ed-4aa7ec90462f,contrastive,5.0,0.0,3,4.0,0.0,3,3.0,2.0,3,5.0,0.0,3
9737e8fc-0c90-4159-a957-bf17f9388f02,feature_attribution,1.0,0.0,3,4.67,0.577,3,,0.0,0,4.0,0.0,3
975212be-5c5a-4ef1-a4b3-837bafa26abe,feature_attribution,1.67,0.577,3,5.0,0.0,3,,0.0,0,3.33,0.577,3
97b01d8b-08f2-4368-8866-a41619a80c29,feature_attribution,1.0,0.0,3,5.0,0.0,3,,0.0,0,5.0,0.0,3
97bc837a-e500-4c46-a8e0-b2df19e541a8,abductive,1.0,0.0,3,1.0,0.0,3,,0.0,0,1.0,0.0,3
97ef6850-bb4d-4884-bedc-b82db41203f5,abductive,1.0,0.0,3,1.33,0.577,3,,0.0,0,1.0,0.0,3
9843e50c-09aa-4a1a-a094-d276132154de,contrastive,1.0,0.0,2,1.5,0.707,2,3.5,2.121,2,4.5,0.707,2
9853d185-4638-43ec-869f-b8dcf2a6d5bf,feature_attribution,1.0,0.0,3,4.33,0.577,3,,0.0,0,4.67,0.577,3
9876774f-9df5-4424-b45c-1f99c4616f04,contrastive,1.67,0.577,3,4.0,0.0,3,1.0,0.0,3,5.0,0.0,3
987677e8-c8c9-4d52-b515-118c0b45dec6,feature_attribution,1.0,0.0,3,4.33,0.577,3,,0.0,0,2.0,1.732,3
994f22e0-4888-47c1-a739-76c2ee0d7471,abductive,1.0,0.0,3,1.0,0.0,3,,0.0,0,1.0,0.0,3
99bedd68-3376-40a0-9a80-54f1282a79e3,feature_attribution,1.0,0.0,3,5.0,0.0,3,,0.0,0,4.67,0.577,3
99c5f358-cfd0-445b-922b-8f5e2f9fa3c9,contrastive,1.0,0.0,3,3.67,1.155,3,1.0,0.0,3,1.0,0.0,3
99ccf86b-d4b5-4131-870e-0ba83bd0b9ef,abductive,1.0,0.0,3,1.0,0.0,3,,0.0,0,1.0,0.0,3
99f61808-cea1-4743-a8bd-6aa6c5c08265,feature_attribution,1.67,0.577,3,5.0,0.0,3,,0.0,0,5.0,0.0,3
9a07437c-7a6e-47d9-992f-f92212f8cdbf,abductive,1.0,0.0,3,1.0,0.0,3,,0.0,0,1.0,0.0,3
9a381fbd-6ae4-4f8e-a8bd-c591326f170f,feature_attribution,1.0,0.0,3,4.67,0.577,3,,0.0,0,5.0,0.0,3
9a6b0532-4f68-4f10-9037-2e93941ecf78,contrastive,1.0,0.0,3,1.0,0.0,3,1.0,0.0,3,1.0,0.0,3
9ace2a18-b7a6-4440-930c-b2fd71c1fe78,counterfactual,1.0,0.0,3,4.0,1.0,3,3.0,0.0,3,4.0,1.0,3
9ae128b8-56c4-4553-877f-f7a23f102126,counterfactual,1.0,0.0,3,1.67,1.155,3,3.0,0.0,3,1.0,0.0,3
9b272b72-d489-4285-8cb6-2addac078185,feature_attribution,1.33,0.577,3,4.67,0.577,3,,0.0,0,3.67,0.577,3
9b273e21-f8fa-4ec8-a940-52196d0a681f,contrastive,1.0,0.0,3,1.0,0.0,3,1.0,0.0,3,3.33,2.082,3
9b4ab14f-8da7-42ad-be39-4e72fc02b077,abductive,1.0,0.0,3,1.0,0.0,3,,0.0,0,1.0,0.0,3
9b9dbc35-93e1-4487-b23d-31deded775cb,contrastive,1.0,0.0,3,1.0,0.0,3,1.0,0.0,3,3.0,1.732,3
9d0c219b-651b-435d-88d9-58f25e84d93e,counterfactual,1.0,0.0,3,1.0,0.0,3,1.0,0.0,3,1.0,0.0,3
9d2527b6-b341-4046-851a-54dd19937fb8,abductive,2.0,0.0,3,1.0,0.0,3,,0.0,0,5.0,0.0,3
9da24e9a-e40c-4d62-a6eb-0d388e29e0f0,feature_attribution,1.0,0.0,3,5.0,0.0,3,,0.0,0,4.0,0.0,3
9dd229bf-826b-472b-81a6-b33612a2deac,abductive,1.0,0.0,3,1.0,0.0,3,,0.0,0,1.0,0.0,3
9dfaed9e-4185-449a-867e-3eaf33709894,feature_attribution,1.0,0.0,3,3.67,0.577,3,,0.0,0,5.0,0.0,3
9e2d811f-4978-49c1-842e-8a8883a91217,contrastive,1.0,0.0,3,3.67,1.155,3,2.67,0.577,3,4.67,0.577,3
9eaa12d1-64d1-446a-8d0b-ae75bad6736b,feature_attribution,1.67,0.577,3,5.0,0.0,3,,0.0,0,5.0,0.0,3
9f010a6b-9f02-4eea-a471-1f0a03066740,feature_attribution,1.0,0.0,3,3.0,0.0,3,,0.0,0,2.33,1.528,3
9f71cde8-7102-41bd-84c3-4fde1317c690,feature_attribution,1.0,0.0,3,2.67,0.577,3,,0.0,0,1.33,0.577,3
9fab18ca-f585-496c-958a-9708c87cd423,counterfactual,1.0,0.0,2,3.5,0.707,2,1.0,0.0,2,4.5,0.707,2
9fb99fb4-4106-4b17-82f9-3f246ce89836,contrastive,1.0,0.0,3,1.0,0.0,3,1.0,0.0,3,1.0,0.0,3
9fc31fd5-5890-43ff-9dcd-f27906ed0cb3,feature_attribution,1.0,0.0,3,4.0,0.0,3,,0.0,0,5.0,0.0,3
9fde25f2-6e30-48aa-83c7-f42419b40dcd,counterfactual,1.0,0.0,3,3.33,0.577,3,1.67,0.577,3,5.0,0.0,3
a02dc1cf-1918-484f-9ecc-e6b57f4907b9,contrastive,1.0,0.0,3,1.33,0.577,3,2.0,0.0,3,4.33,0.577,3
a049bb94-0c4b-44ff-9d19-4a7c78be77c6,abductive,1.0,0.0,3,1.0,0.0,3,,0.0,0,5.0,0.0,3
a06996df-f0e2-4d35-aebc-02db0277dd88,counterfactual,1.0,0.0,3,5.0,0.0,3,5.0,0.0,3,2.33,1.155,3
a0dc06ce-ee7e-4d42-b994-876a2b8ba52d,counterfactual,1.33,0.577,3,4.0,0.0,3,1.67,0.577,3,5.0,0.0,3
a1042bf0-6b02-4a61-9399-4fac1c48a207,abductive,1.0,0.0,3,1.0,0.0,3,,0.0,0,2.0,1.732,3
a1c287c2-9160-43e2-8cf7-7e7031a4eb49,feature_attribution,1.0,0.0,3,4.0,0.0,3,,0.0,0,3.33,0.577,3
a1dcb14c-6b0e-4f86-997c-efa4e41d3d6c,feature_attribution,1.0,0.0,3,3.67,0.577,3,,0.0,0,1.67,0.577,3
a1ed8e29-d8d5-4c5c-917f-697a68380997,feature_attribution,1.67,0.577,3,5.0,0.0,3,,0.0,0,5.0,0.0,3
a2033122-063b-4627-8acd-dd0602c891e0,abductive,1.0,0.0,3,2.33,1.155,3,,0.0,0,3.0,1.732,3
a207bfd1-3162-4e5e-aa8f-fbf4b92bffcc,feature_attribution,1.0,0.0,3,4.67,0.577,3,,0.0,0,4.67,0.577,3
a25676bd-6270-4271-a721-2b77ffd33a8b,contrastive,1.67,0.577,3,4.33,0.577,3,1.67,0.577,3,5.0,0.0,3
a269a176-1044-45f7-bcf4-4ab886c2fa7e,abductive,1.0,0.0,3,1.0,0.0,3,,0.0,0,4.67,0.577,3
a385caf6-f4fb-43aa-b9d4-5c48073940c9,feature_attribution,2.0,0.0,3,4.67,0.577,3,,0.0,0,5.0,0.0,3
a38e1b17-be4b-4350-baba-20b3c293168c,feature_attribution,1.0,0.0,3,4.67,0.577,3,,0.0,0,5.0,0.0,3
a3916276-e1c4-489e-aac7-f50da77b9f81,contrastive,1.0,0.0,3,5.0,0.0,3,3.0,0.0,3,5.0,0.0,3
a475fe20-0bc0-48a0-8cb4-b95efcfcad71,feature_attribution,1.0,0.0,3,5.0,0.0,3,,0.0,0,5.0,0.0,3
a497f4c8-0ac7-42d5-bc7f-7d8fe7e5ba15,feature_attribution,1.0,0.0,3,5.0,0.0,3,,0.0,0,5.0,0.0,3
a49d2563-54dc-47ef-b173-ea6cc78cdc02,counterfactual,1.0,0.0,3,1.67,1.155,3,2.67,0.577,3,1.0,0.0,3
a4cb94fc-8143-4f6d-a2e4-9bb68046b923,contrastive,1.0,0.0,3,1.0,0.0,3,3.0,0.0,3,1.0,0.0,3
a4f57e64-9468-4072-af85-758f2c33a8fd,abductive,1.0,0.0,3,1.33,0.577,3,,0.0,0,1.0,0.0,3
a5092060-5b65-445c-9349-db6b8b636b2a,counterfactual,1.0,0.0,3,2.0,0.0,3,1.0,0.0,3,4.0,0.0,3
a5db15f8-88ba-401f-8d7e-a4290df510f0,feature_attribution,1.0,0.0,3,5.0,0.0,3,,0.0,0,4.67,0.577,3
a5dbc2d8-a607-44a1-b512-9ae7974ad1b7,feature_attribution,1.0,0.0,3,3.0,0.0,3,,0.0,0,4.0,0.0,3
a6965933-e272-4591-a259-b9d7bfaca7d3,abductive,1.0,0.0,3,1.0,0.0,3,,0.0,0,4.0,1.732,3
a6d2e2e3-9ab3-4507-83ac-ec93708a3b9e,abductive,1.0,0.0,3,1.0,0.0,3,,0.0,0,1.0,0.0,3
a7657b3e-ab02-433c-81be-63dd7fb35c89,feature_attribution,1.0,0.0,3,4.67,0.577,3,,0.0,0,4.67,0.577,3
a7ef0696-7c96-421a-8bb6-19a8bdacf4ff,abductive,2.0,0.0,3,3.0,0.0,3,,0.0,0,4.67,0.577,3
a808f93f-9dcd-42a4-81a2-b233852bede2,feature_attribution,1.33,0.577,3,3.0,0.0,3,,0.0,0,4.0,0.0,3
a80c12ca-c76c-4c18-9895-81678dd3dff1,feature_attribution,2.0,0.0,3,4.33,0.577,3,,0.0,0,5.0,0.0,3
a8c8c84e-5ae3-405d-b13f-ade3608eb792,abductive,1.0,0.0,3,1.0,0.0,3,,0.0,0,1.0,0.0,3
a8e5def6-9bb1-4b6e-952b-2a6f04a76311,feature_attribution,1.0,0.0,3,4.67,0.577,3,,0.0,0,4.67,0.577,3
a906ea9d-01e8-40a8-8c78-7fb2fa36da70,counterfactual,1.0,0.0,2,1.0,0.0,2,3.0,0.0,2,2.5,2.121,2
a952cc23-ff05-4e6f-89f8-e4e88318e007,abductive,1.0,0.0,3,1.0,0.0,3,,0.0,0,3.67,1.528,3
a9c5d15e-fef7-4d9f-a824-436a3423ae77,abductive,1.0,0.0,3,1.0,0.0,3,,0.0,0,1.67,0.577,3
a9f51e6f-1221-4fe1-a553-4212a90c3ed9,counterfactual,1.0,0.0,3,3.0,0.0,3,2.0,1.0,3,5.0,0.0,3
aa3039db-f408-45ff-acce-36cfa8ed4abf,counterfactual,1.0,0.0,3,1.0,0.0,3,4.0,0.0,3,1.0,0.0,3
ab00ead5-4a53-4170-9e65-02bf7c10a958,contrastive,1.0,0.0,3,2.33,1.155,3,1.0,0.0,3,3.0,1.0,3
ab74e5c2-aa25-4b43-b623-e814db5cef7e,feature_attribution,1.0,0.0,3,4.67,0.577,3,,0.0,0,3.33,1.155,3
aba5fd70-75ee-4d52-a6a7-a5da6df23cc4,counterfactual,1.0,0.0,3,1.0,0.0,3,1.0,0.0,3,1.0,0.0,3
ac1843b3-1db9-4a8b-9b9a-e81ff7d74009,counterfactual,1.0,0.0,3,3.67,1.155,3,3.0,0.0,3,5.0,0.0,3
ac5271dd-d077-46d9-9c76-092e35a55be3,contrastive,1.0,0.0,3,1.0,0.0,3,1.0,0.0,3,1.0,0.0,3
ad28aa67-31b5-4384-ae87-5b24072404fe,abductive,1.0,0.0,3,1.0,0.0,3,,0.0,0,1.0,0.0,3
ad2fc412-9ecc-402c-9a36-cb06d90d0e6c,contrastive,1.0,0.0,3,3.67,2.309,3,5.0,0.0,3,4.67,0.577,3
ad6658d3-c69c-4c6f-8b99-a1ac9e1232d8,abductive,1.0,0.0,3,1.0,0.0,3,,0.0,0,1.0,0.0,3
adb188e2-1812-4292-a66f-671bcb04e9d5,counterfactual,1.0,0.0,3,1.0,0.0,3,1.33,0.577,3,1.0,0.0,3
adb46ade-cf33-4086-b3a3-9d5e114caaa5,feature_attribution,2.0,0.0,3,4.33,0.577,3,,0.0,0,5.0,0.0,3
ae298307-660d-4f73-8e65-cca9b5dae4d3,contrastive,1.0,0.0,3,1.0,0.0,3,1.0,0.0,3,1.0,0.0,3
aea7fdfe-ca98-4619-a8f0-93a27fccfb06,abductive,1.0,0.0,3,1.0,0.0,3,,0.0,0,4.33,0.577,3
af1f6f6f-05e7-4ed4-a8f9-0d4dbc2aad85,feature_attribution,1.67,0.577,3,4.67,0.577,3,,0.0,0,5.0,0.0,3
af2f4368-ad01-4f6f-8735-12544a1a2761,abductive,1.0,0.0,3,1.0,0.0,3,,0.0,0,1.0,0.0,3
afbf3966-9c9d-4692-b44d-69d18bf6b63c,counterfactual,1.0,0.0,3,3.0,2.0,3,5.0,0.0,3,2.33,1.155,3
aff56c95-aae2-4f3e-b171-35cf1404bcb2,feature_attribution,2.0,0.0,3,5.0,0.0,3,,0.0,0,5.0,0.0,3
b04a07c3-b195-4959-82e9-9cf63cb349b1,feature_attribution,1.0,0.0,3,5.0,0.0,3,,0.0,0,3.67,1.155,3
b094252a-6ece-48ba-8430-d493beb8d574,contrastive,1.0,0.0,2,1.0,0.0,2,1.0,0.0,2,3.0,2.828,2
b0adfba2-3bb3-4376-bf90-9f32600eb971,feature_attribution,1.0,0.0,3,5.0,0.0,3,,0.0,0,3.67,0.577,3
b0bc2b89-56bd-4c57-9caf-cafd11ef3912,counterfactual,1.0,0.0,3,1.0,0.0,3,1.0,0.0,3,1.67,0.577,3
b0c36896-e4c5-4389-8de6-029f3a95597f,feature_attribution,1.0,0.0,3,4.0,0.0,3,,0.0,0,4.0,0.0,3
b1436639-7090-480f-b39d-4391558e5486,feature_attribution,1.0,0.0,3,4.33,0.577,3,,0.0,0,5.0,0.0,3
b176737c-5674-4c3c-b330-90a06cc25117,counterfactual,1.0,0.0,3,3.0,0.0,3,1.0,0.0,3,4.33,0.577,3
b1b398ed-e28f-40c4-b928-8c397dbee5a5,abductive,1.0,0.0,2,1.0,0.0,2,,0.0,0,1.5,0.707,2
b1fd312e-d40a-4d70-9d24-5c4e87df9d45,feature_attribution,1.33,0.577,3,4.67,0.577,3,,0.0,0,5.0,0.0,3
b2270c2e-51b1-4ee2-b631-6d6c42f79c37,feature_attribution,1.67,0.577,3,4.67,0.577,3,,0.0,0,3.33,0.577,3
b2292e33-0212-414f-8525-a54710f0d6af,abductive,1.0,0.0,3,1.0,0.0,3,,0.0,0,1.0,0.0,3
b2aea026-135d-4c15-bd8e-49f6c9f8c9d2,contrastive,1.0,0.0,3,1.0,0.0,3,1.0,0.0,3,1.0,0.0,3
b2f29c5d-6275-439c-878f-da6c4018a250,abductive,1.0,0.0,3,1.0,0.0,3,,0.0,0,1.0,0.0,3
b34d71d3-bf5f-45ae-af51-51f20fb27c36,feature_attribution,1.0,0.0,3,5.0,0.0,3,,0.0,0,4.0,1.0,3
b352ee59-a6b8-4992-9882-fb09784a415c,feature_attribution,1.33,0.577,3,5.0,0.0,3,,0.0,0,5.0,0.0,3
b3653cdf-db96-4e6f-904a-a3e2a3151088,abductive,1.0,0.0,3,1.0,0.0,3,,0.0,0,1.0,0.0,3
b3bdbfbb-0ecc-4f02-ba7a-9bb44060e8d3,counterfactual,1.0,0.0,3,1.0,0.0,3,5.0,0.0,3,1.33,0.577,3
b402dcc8-38b4-429e-838a-25180be05ad0,feature_attribution,1.0,0.0,3,4.33,0.577,3,,0.0,0,5.0,0.0,3
b42b464e-114e-4b11-b77b-482b5a7c3b96,contrastive,1.0,0.0,3,1.0,0.0,3,1.0,0.0,3,4.0,0.0,3
b45b68ef-3cb9-4229-acf1-87569860c343,abductive,1.0,0.0,3,1.0,0.0,3,,0.0,0,1.0,0.0,3
b4672b5f-9316-4536-87c8-ebcce5a7c4bb,counterfactual,1.0,0.0,3,3.67,0.577,3,2.67,0.577,3,5.0,0.0,3
b494c6e9-31be-4a5d-a046-2d2a4de753dd,counterfactual,1.0,0.0,3,3.0,0.0,3,3.0,0.0,3,3.0,0.0,3
b4adf0cc-8c71-4e03-8370-78086e78a2aa,abductive,1.0,0.0,3,1.0,0.0,3,,0.0,0,3.33,2.082,3
b51fb3bc-9fa7-4995-bea5-71ce9433c3f0,abductive,1.0,0.0,3,1.0,0.0,3,,0.0,0,2.0,1.732,3
b534822f-61f7-46db-a117-7812ca815b62,counterfactual,1.0,0.0,3,1.0,0.0,3,1.0,0.0,3,1.33,0.577,3
b57721a5-eab9-4dac-a2e8-49bc262b8cb6,contrastive,1.0,0.0,3,1.67,1.155,3,1.67,0.577,3,1.33,0.577,3
b592c610-a84b-4ede-9638-0872fce81145,abductive,1.0,0.0,3,1.0,0.0,3,,0.0,0,1.0,0.0,3
b6743628-89e3-49e6-bc81-5fcc14346ec0,contrastive,1.0,0.0,3,3.0,0.0,3,2.33,0.577,3,4.33,0.577,3
b6ce59de-661f-4e8b-9bab-49b77ccff0db,counterfactual,1.0,0.0,3,1.0,0.0,3,1.0,0.0,3,1.67,1.155,3
b6d5f53b-45c1-4c84-aab6-38e07699025f,abductive,1.0,0.0,3,1.0,0.0,3,,0.0,0,3.0,1.732,3
b6f9a5aa-fc4d-4f4c-9617-aceffb37474b,abductive,1.0,0.0,3,1.0,0.0,3,,0.0,0,1.0,0.0,3
b7294d2d-baf3-426e-ae97-4e8ec4dc4dab,counterfactual,1.0,0.0,3,1.0,0.0,3,3.0,0.0,3,1.0,0.0,3
b790f7b6-fc26-4d07-b02d-491f3fa1e88b,counterfactual,1.0,0.0,3,4.0,0.0,3,3.0,0.0,3,5.0,0.0,3
b7a77c17-d7c0-401d-92ce-d50f646b183b,contrastive,2.0,0.0,3,3.67,0.577,3,2.67,0.577,3,5.0,0.0,3
b7b7de99-3f70-440f-9831-7b2247d3829b,abductive,1.0,0.0,3,1.0,0.0,3,,0.0,0,3.33,2.082,3
b7bbd4dd-8dfb-40e2-b539-4c1ec9d8c892,counterfactual,1.0,0.0,3,1.67,0.577,3,1.0,0.0,3,1.0,0.0,3
b7c28c67-a27f-4cb3-a6e3-ab6ad64bc066,abductive,1.0,0.0,3,1.0,0.0,3,,0.0,0,1.0,0.0,3
b7e0ea33-4371-4b1f-9fac-9fac0dc86d78,feature_attribution,1.33,0.577,3,4.0,0.0,3,,0.0,0,3.0,0.0,3
b7f30f91-a453-451b-b404-87df1cfcf09f,feature_attribution,2.0,0.0,3,4.67,0.577,3,,0.0,0,4.67,0.577,3
b7fd1854-c676-449f-9579-4a6c90518bff,counterfactual,1.0,0.0,3,1.0,0.0,3,1.0,0.0,3,1.0,0.0,3
b81d3a4b-57a2-4acd-a06e-31b3168f5334,abductive,1.0,0.0,3,1.0,0.0,3,,0.0,0,1.0,0.0,3
b84575a9-8100-40e0-9018-78b9821e3231,contrastive,1.0,0.0,3,3.0,0.0,3,1.33,0.577,3,3.0,0.0,3
b86ae8fc-2332-4a98-bdb1-2782f576fc80,counterfactual,1.0,0.0,3,1.0,0.0,3,1.0,0.0,3,2.33,1.528,3
b99d5259-7cfb-4581-ab49-222abc039c5d,counterfactual,1.0,0.0,3,5.0,0.0,3,5.0,0.0,3,4.67,0.577,3
ba3341d1-183f-49c8-95a8-dce95ec1dc3d,feature_attribution,1.0,0.0,3,5.0,0.0,3,,0.0,0,4.67,0.577,3
ba987664-0cba-4484-bf54-b5f8b78c5c5e,feature_attribution,1.0,0.0,3,2.67,0.577,3,,0.0,0,1.0,0.0,3
bab31e49-3c5b-4f14-ae86-3ec932f3c904,counterfactual,1.0,0.0,3,1.0,0.0,3,1.33,0.577,3,2.0,1.732,3
bae3a4e2-62a5-4771-8b85-4eb4099a7ca2,feature_attribution,1.0,0.0,3,4.67,0.577,3,,0.0,0,3.0,1.0,3
bb5c31d3-0b84-4dfc-8b05-0d35f4758e02,feature_attribution,1.0,0.0,3,1.33,0.577,3,,0.0,0,1.0,0.0,3
bb67413d-cea1-4ceb-a91c-f858828ca345,feature_attribution,1.0,0.0,3,5.0,0.0,3,,0.0,0,5.0,0.0,3
bb7befd5-7403-4cfa-a33f-f06f98915a1a,abductive,1.0,0.0,3,1.0,0.0,3,,0.0,0,2.0,1.732,3
bcb069f9-b355-45d8-9c2c-c9065021cc0e,feature_attribution,1.67,0.577,3,4.0,0.0,3,,0.0,0,4.67,0.577,3
bcdc4e3b-075b-4d51-b98a-937c906ba1e5,abductive,1.0,0.0,3,1.0,0.0,3,,0.0,0,1.0,0.0,3
bce340b4-9ad7-4835-b72e-587bb2e60da0,abductive,1.0,0.0,3,1.0,0.0,3,,0.0,0,1.0,0.0,3
bcfd8b6d-0135-42ca-b7c5-75d48097d916,counterfactual,1.0,0.0,2,3.0,0.0,2,5.0,0.0,2,5.0,0.0,2
bd35a3e1-9388-411f-8fb0-7adc27c2592a,contrastive,1.0,0.0,3,1.0,0.0,3,1.0,0.0,3,1.0,0.0,3
bd4c5a22-0eb0-452b-b302-b2ea88736ef1,abductive,1.0,0.0,3,1.0,0.0,3,,0.0,0,1.0,0.0,3
bd9b39b2-45d8-4ed6-a2b3-ec51cff2e05e,counterfactual,1.0,0.0,3,1.0,0.0,3,1.33,0.577,3,1.0,0.0,3
be56c123-97d3-40be-8e81-c078783852ae,feature_attribution,1.33,0.577,3,4.0,0.0,3,,0.0,0,5.0,0.0,3
befe4b81-91c3-4853-8f4b-d1f740c623c4,contrastive,3.33,1.155,3,4.67,0.577,3,2.33,1.155,3,5.0,0.0,3
bf3d57fe-6c70-4026-964a-4d2432924e29,contrastive,1.0,0.0,2,3.0,0.0,2,1.0,0.0,2,3.0,0.0,2
bf578816-50b1-4d1e-b13b-6d81ea14fb95,counterfactual,1.67,0.577,3,4.33,0.577,3,2.67,0.577,3,5.0,0.0,3
bf9b4183-2902-4d56-81ba-5013ebc22a93,counterfactual,1.0,0.0,3,1.33,0.577,3,4.0,0.0,3,2.33,1.155,3
bfc99012-8b3c-43cf-a5a6-b174f5c5c797,feature_attribution,3.0,1.732,3,4.67,0.577,3,,0.0,0,5.0,0.0,3
bfcd9f0f-4979-47b7-a33f-004cf4ab65a3,contrastive,1.0,0.0,3,3.0,0.0,3,1.0,0.0,3,5.0,0.0,3
bff64bb2-ff3b-4017-a72f-5d3ab48708d6,counterfactual,1.0,0.0,3,1.0,0.0,3,1.33,0.577,3,1.0,0.0,3
bff66af5-25b2-4842-9ca9-4d4e0ddb340e,counterfactual,1.5,0.707,2,3.5,0.707,2,3.0,0.0,2,5.0,0.0,2
c00f1884-363a-4e1d-af26-07bae4fb15b9,abductive,1.0,0.0,3,1.0,0.0,3,,0.0,0,1.67,1.155,3
c07eec63-63a3-4898-8952-78f8713958ad,feature_attribution,2.0,0.0,3,5.0,0.0,3,,0.0,0,3.67,0.577,3
c0b81e7a-5a7c-41b6-ba59-27870fc96e3f,contrastive,1.0,0.0,3,3.0,0.0,3,1.0,0.0,3,4.67,0.577,3
c0bb0c7d-9a5a-4194-8c63-510c792f3b63,contrastive,1.0,0.0,3,1.0,0.0,3,1.0,0.0,3,3.0,1.0,3
c0e80881-8349-4c4a-bfcc-e652d61ad161,counterfactual,1.0,0.0,3,3.0,1.732,3,4.33,1.155,3,1.67,1.155,3
c2579dfc-7498-4372-8547-4231bec4e02a,contrastive,1.0,0.0,2,1.0,0.0,2,1.5,0.707,2,5.0,0.0,2
c2e4b2ae-2fe6-4943-8ebe-1f9d52e41e75,counterfactual,1.0,0.0,3,1.0,0.0,3,5.0,0.0,3,1.0,0.0,3
c351a183-b73f-438d-91d3-aa4550cdd782,contrastive,1.0,0.0,3,1.0,0.0,3,1.33,0.577,3,1.0,0.0,3
c3ea8002-5f75-4932-bb04-2e6695910808,counterfactual,1.0,0.0,3,1.67,0.577,3,3.0,0.0,3,4.0,0.0,3
c4383388-de23-4ba9-90c8-e23a2d49752e,abductive,1.0,0.0,3,1.67,0.577,3,,0.0,0,4.67,0.577,3
c44f18d5-97b2-4183-b033-4bbbe6c77a8a,abductive,1.0,0.0,3,2.0,1.0,3,,0.0,0,3.33,1.155,3
c4882585-a62f-4bfa-8dac-d3465f5c7ef0,contrastive,1.0,0.0,2,1.5,0.707,2,5.0,0.0,2,3.0,0.0,2
c4957b95-aa96-4432-ba15-ff93eae078db,feature_attribution,1.0,0.0,3,4.67,0.577,3,,0.0,0,3.0,0.0,3
c4ab1f61-b38f-406c-b3ab-2c4aa54a1409,counterfactual,1.0,0.0,3,3.0,2.0,3,5.0,0.0,3,2.67,1.528,3
c540a9e0-8945-42a9-bdec-a11adfefaa71,feature_attribution,2.0,0.0,3,4.67,0.577,3,,0.0,0,4.0,1.0,3
c57a009e-cfb1-46df-a210-2809f37b47a0,contrastive,1.0,0.0,3,2.0,1.0,3,2.0,1.0,3,2.0,1.0,3
c619e248-17e3-485d-8cf1-9d6a60fe4130,counterfactual,1.0,0.0,3,2.33,1.155,3,3.0,0.0,3,1.67,1.155,3
c644a5da-b90b-4d65-90be-ef3c8081b58f,feature_attribution,1.0,0.0,3,3.0,0.0,3,,0.0,0,4.0,0.0,3
c682d2d6-de4d-4a5a-98aa-c1cf9e2b0d26,counterfactual,1.0,0.0,3,4.33,1.155,3,4.0,0.0,3,3.67,0.577,3
c7e33bb6-aebc-4df9-a854-db3ed30c6a57,feature_attribution,1.0,0.0,3,4.33,0.577,3,,0.0,0,3.33,0.577,3
c7ec4583-26ed-4a98-8a8d-739ca43115e7,abductive,1.0,0.0,3,1.0,0.0,3,,0.0,0,2.67,2.082,3
c84d50be-bb78-4892-b38d-9d048c57632c,feature_attribution,1.0,0.0,3,3.0,0.0,3,,0.0,0,3.67,0.577,3
c852f645-ea6c-4b96-b621-878e10ecec00,feature_attribution,1.67,0.577,3,3.67,0.577,3,,0.0,0,2.33,0.577,3
c8d73c78-635e-4131-a605-c162eefcbf85,abductive,1.0,0.0,3,1.0,0.0,3,,0.0,0,3.67,1.528,3
c8da8434-84a7-4937-b961-164e49d293f2,counterfactual,1.0,0.0,3,1.0,0.0,3,1.0,0.0,3,1.0,0.0,3
c92c0ed7-1bae-422d-b3a6-4efd8f7fb638,feature_attribution,1.67,0.577,3,4.67,0.577,3,,0.0,0,5.0,0.0,3
c93496a5-f938-4fa5-9caf-3a37f8cb29c7,counterfactual,1.0,0.0,3,3.0,0.0,3,4.0,1.732,3,4.33,0.577,3
c93e3200-dc2c-4989-aba5-ae1022927c17,feature_attribution,2.0,0.0,3,5.0,0.0,3,,0.0,0,4.0,0.0,3
c9565aee-e7d4-41ff-b811-832bc13c6664,abductive,1.0,0.0,3,1.0,0.0,3,,0.0,0,3.33,2.082,3
c9914010-ba51-4b4f-9225-ad2fb76a90ca,abductive,1.0,0.0,3,1.67,1.155,3,,0.0,0,1.0,0.0,3
ca0f35fb-c675-4a84-a8dc-20c6d2c7183e,feature_attribution,1.67,0.577,3,4.33,0.577,3,,0.0,0,5.0,0.0,3
ca5d666d-1f07-4eb7-8776-1558fe47bfe5,contrastive,1.0,0.0,3,4.0,0.0,3,2.0,0.0,3,5.0,0.0,3
ca94aa27-4d40-45dc-a5a3-3020eae28fdc,contrastive,1.0,0.0,3,1.0,0.0,3,2.33,0.577,3,1.0,0.0,3
caca089e-ad52-4656-a49c-8b29839abafc,counterfactual,1.0,0.0,3,1.67,1.155,3,1.0,0.0,3,4.67,0.577,3
cb00c98a-2fdf-4933-906c-136e09b054ba,abductive,1.0,0.0,3,1.0,0.0,3,,0.0,0,1.0,0.0,3
cb17d63a-54ca-40f6-bec0-28960e9fd435,contrastive,1.0,0.0,3,1.67,1.155,3,3.0,1.0,3,4.0,0.0,3
cbaa82ab-bdbd-4762-92f3-a58e911bdf07,feature_attribution,1.33,0.577,3,3.33,0.577,3,,0.0,0,1.67,0.577,3
cc7cbd19-d627-416c-94ec-4fcfe6fb9b7b,abductive,1.0,0.0,2,1.0,0.0,2,,0.0,0,1.5,0.707,2
ccadde30-c92b-4bcf-a538-78594e3c2e9b,abductive,1.0,0.0,2,1.0,0.0,2,,0.0,0,1.0,0.0,2
ccde1ff8-a09d-4b9a-9184-6c27d622f2a1,abductive,1.0,0.0,3,1.0,0.0,3,,0.0,0,1.33,0.577,3
cd0a68d2-ee9e-480f-9bb5-0aff49e60034,abductive,1.0,0.0,3,5.0,0.0,3,,0.0,0,4.67,0.577,3
cd463751-e3e7-47ab-9f86-9caf3eb61154,counterfactual,1.0,0.0,3,2.33,0.577,3,3.0,0.0,3,4.67,0.577,3
cd50e8a0-0f5b-4e1c-ac7b-c516fe84c3d5,feature_attribution,1.0,0.0,3,5.0,0.0,3,,0.0,0,4.0,1.0,3
cdc2c553-3a1a-4cbe-b9a3-1230d5a3780e,feature_attribution,1.67,0.577,3,5.0,0.0,3,,0.0,0,4.0,0.0,3
cdd6c42f-acb3-4b43-85c0-58f6ea17e32d,contrastive,1.0,0.0,3,2.33,1.155,3,3.0,0.0,3,2.0,1.0,3
ce44bf52-e7ae-4624-9198-3f9fd46089ff,counterfactual,1.0,0.0,2,2.0,1.414,2,1.0,0.0,2,2.5,2.121,2
cecfd95a-1cfd-428e-b7d6-42da4c37e85f,abductive,1.0,0.0,3,1.67,1.155,3,,0.0,0,3.33,2.082,3
cf161a41-0b5a-4073-843e-56feebc498c5,abductive,1.0,0.0,3,1.0,0.0,3,,0.0,0,5.0,0.0,3
cf1fec5b-24cd-4ffc-bbac-52dac1bb9163,feature_attribution,1.0,0.0,3,5.0,0.0,3,,0.0,0,3.0,0.0,3
cf7e8b46-2746-481c-a1b5-de6f3a3e6b41,counterfactual,1.0,0.0,2,2.0,1.414,2,2.5,0.707,2,5.0,0.0,2
cfb4fe9f-9daa-4d39-8b30-b377c986a20f,contrastive,1.0,0.0,3,1.0,0.0,3,5.0,0.0,3,3.0,2.0,3
cfd6027d-2d4b-495a-acd3-9aae2d2975b3,feature_attribution,1.67,0.577,3,4.67,0.577,3,,0.0,0,5.0,0.0,3
d00168ed-9847-4489-927e-8e4ab4bdc29b,feature_attribution,2.0,0.0,3,4.67,0.577,3,,0.0,0,5.0,0.0,3
d00db069-333c-443e-8853-47eab3ce4ac6,counterfactual,1.0,0.0,3,1.67,1.155,3,1.33,0.577,3,5.0,0.0,3
d0550929-dcb2-4413-ac48-461df70bf420,feature_attribution,1.33,0.577,3,3.67,0.577,3,,0.0,0,2.0,1.0,3
d06baed1-df24-444e-8d99-96298aa6d4c1,feature_attribution,1.0,0.0,3,4.0,0.0,3,,0.0,0,5.0,0.0,3
d07f142d-3733-4e24-bd13-21b31a4bc4e6,feature_attribution,1.33,0.577,3,4.33,0.577,3,,0.0,0,5.0,0.0,3
d0810b88-0e2e-43b0-a29f-155caf733556,abductive,1.0,0.0,3,1.0,0.0,3,,0.0,0,1.0,0.0,3
d0b5d410-ae3d-4b4f-97bd-93a75b8540fd,contrastive,1.0,0.0,3,1.0,0.0,3,1.0,0.0,3,4.0,1.0,3
d0d74a56-7d86-4dcf-88d4-712168c3ce33,feature_attribution,1.0,0.0,3,4.33,0.577,3,,0.0,0,3.33,0.577,3
d1170dfd-f257-43db-8eff-5f9ad8c7db69,counterfactual,1.0,0.0,3,3.67,0.577,3,4.0,0.0,3,3.67,0.577,3
d1e0f7f5-462f-4258-989b-5de3ce8afa1e,abductive,1.0,0.0,3,1.0,0.0,3,,0.0,0,1.0,0.0,3
d1e22cae-be74-4ed6-959b-b7c5933d79f2,contrastive,1.0,0.0,3,1.0,0.0,3,1.0,0.0,3,1.33,0.577,3
d229eb4c-2c30-4038-991b-c2aac9729641,abductive,1.0,0.0,3,1.0,0.0,3,,0.0,0,1.0,0.0,3
d24423e1-d944-4b99-a4ad-2d98a6766b0d,feature_attribution,1.33,0.577,3,4.33,0.577,3,,0.0,0,5.0,0.0,3
d3263eff-26ac-443a-a552-325612227cd6,counterfactual,1.0,0.0,3,1.67,0.577,3,2.67,0.577,3,3.33,1.155,3
d3397029-3b5c-48e3-8a28-313b037f9492,contrastive,1.0,0.0,2,2.0,1.414,2,3.0,0.0,2,5.0,0.0,2
d33ec518-4795-404e-91cf-b1fc16f6d532,counterfactual,1.0,0.0,3,1.0,0.0,3,1.67,0.577,3,4.0,0.0,3
d3632b81-8858-4f99-957e-8cdf488c03ce,counterfactual,1.0,0.0,3,3.0,0.0,3,1.0,0.0,3,3.0,1.732,3
d3ea54c7-5249-4f49-88dd-6275cc8d6791,abductive,1.0,0.0,3,1.33,0.577,3,,0.0,0,1.0,0.0,3
d3f14c35-671e-407d-97e4-1415b76e1208,abductive,1.0,0.0,3,1.0,0.0,3,,0.0,0,5.0,0.0,3
d4107fab-caff-4806-8eb3-56cd11448b3a,counterfactual,1.0,0.0,3,1.67,1.155,3,2.33,0.577,3,1.33,0.577,3
d4191da5-cee9-4f7f-87ad-3ee15441b3fd,counterfactual,1.0,0.0,3,5.0,0.0,3,5.0,0.0,3,5.0,0.0,3
d49f1014-af59-4768-8cc7-ab80013250db,abductive,1.0,0.0,3,1.0,0.0,3,,0.0,0,3.0,1.732,3
d52d03c6-82b6-461c-8baf-b8edb9ef30ec,feature_attribution,1.67,0.577,3,5.0,0.0,3,,0.0,0,4.33,0.577,3
d5540361-170c-4831-a322-8b2f41543315,counterfactual,1.33,0.577,3,4.0,0.0,3,1.33,0.577,3,5.0,0.0,3
d73b51e7-a8db-4a62-92f0-0d30b20752dd,counterfactual,1.0,0.0,3,2.33,0.577,3,1.0,0.0,3,4.33,1.155,3
d74b6d3d-a1a7-44d2-a507-edecd7c32c79,abductive,3.0,0.0,3,3.33,0.577,3,,0.0,0,5.0,0.0,3
d75e88ec-9a7d-44e6-8e8a-4708b1a6eaf9,counterfactual,1.0,0.0,2,1.5,0.707,2,4.0,0.0,2,3.0,0.0,2
d76f9dfc-16bf-4962-9559-1ce3ed4f3fb4,contrastive,1.0,0.0,3,1.67,1.155,3,1.33,0.577,3,1.0,0.0,3
d7a20910-33a2-4645-a7f4-364a14836ddc,feature_attribution,1.0,0.0,3,5.0,0.0,3,,0.0,0,5.0,0.0,3
d7e27f8d-19a8-4452-8fd5-b75628ab058d,counterfactual,1.0,0.0,3,1.0,0.0,3,1.0,0.0,3,3.0,1.732,3
d7e59f57-199f-48bb-92f8-cfa9e0f94f0b,counterfactual,1.0,0.0,3,1.0,0.0,3,3.0,0.0,3,2.33,1.528,3
d7e7ff99-046e-48c3-9cd9-f372c297a99a,counterfactual,1.0,0.0,3,2.33,0.577,3,5.0,0.0,3,1.67,1.155,3
d7f0e02d-b593-44c9-b070-1f383ab2e16d,counterfactual,1.0,0.0,3,1.0,0.0,3,2.0,1.0,3,3.0,1.0,3
d86fb464-0320-476e-8414-431aa1bfa81d,feature_attribution,2.0,0.0,3,3.67,0.577,3,,0.0,0,2.67,0.577,3
d889451e-5f7f-4a6e-852f-aea7a4b07291,counterfactual,1.0,0.0,3,1.0,0.0,3,1.67,0.577,3,1.0,0.0,3
d8dc058a-6814-4235-ab0e-618db4ba0da5,abductive,1.0,0.0,3,5.0,0.0,3,,0.0,0,5.0,0.0,3
d9166c4c-e2ac-4d35-8a90-3cc01c2673b5,counterfactual,1.33,0.577,3,2.33,1.155,3,3.0,0.0,3,5.0,0.0,3
d9300d2e-d9e1-4db8-9525-7fd69482d7ae,abductive,1.0,0.0,3,2.33,1.155,3,,0.0,0,1.67,1.155,3
d93572fd-03ae-4398-881d-0d7f7a36325a,contrastive,1.0,0.0,3,1.67,1.155,3,1.67,1.155,3,5.0,0.0,3
d937d575-c626-413d-9214-33ec8f6cb582,abductive,1.0,0.0,2,1.0,0.0,2,,0.0,0,4.5,0.707,2
d947f855-b45f-41ed-9770-b79168413c90,contrastive,1.0,0.0,3,1.67,1.155,3,2.67,0.577,3,4.67,0.577,3
d9a1ca61-3251-4f82-8e4b-beaa6e1a7266,abductive,1.0,0.0,3,1.0,0.0,3,,0.0,0,1.0,0.0,3
d9cc6431-6871-4192-8085-b68232a55b19,counterfactual,1.0,0.0,3,1.67,1.155,3,2.33,0.577,3,1.67,1.155,3
da15ba53-f66d-4dec-a9f5-371aa4330929,feature_attribution,1.0,0.0,3,5.0,0.0,3,,0.0,0,5.0,0.0,3
da1a2c08-8d88-4170-806c-dd03c37b53e2,counterfactual,1.0,0.0,3,5.0,0.0,3,5.0,0.0,3,5.0,0.0,3
da385f3a-3fd9-4c68-a4aa-e92586ffd2f9,contrastive,1.0,0.0,3,4.33,1.155,3,5.0,0.0,3,5.0,0.0,3
da4b12f8-6e01-4971-9446-204cebd0c653,contrastive,1.0,0.0,2,3.0,0.0,2,2.0,0.0,2,3.0,1.414,2
da69a58b-3e00-4ae1-b458-67c6949f2378,contrastive,1.0,0.0,3,3.33,1.528,3,5.0,0.0,3,2.0,1.0,3
dae77f1b-4f00-42f1-8648-4ed160e7e8a1,contrastive,1.0,0.0,3,1.67,1.155,3,1.0,0.0,3,2.67,1.528,3
daf1ba1d-415f-49a7-bbc4-db06929beb67,contrastive,1.5,0.707,2,3.0,0.0,2,1.5,0.707,2,5.0,0.0,2
db49c439-a6b9-42e9-9ba3-2151718075df,contrastive,1.0,0.0,3,2.33,1.155,3,1.0,0.0,3,3.33,2.082,3
db5122fc-89e7-46ef-ab6a-ae0c45ce6717,feature_attribution,1.0,0.0,3,3.67,0.577,3,,0.0,0,5.0,0.0,3
db82f0d2-fc24-4f25-9a44-c7b401eed32c,feature_attribution,2.0,0.0,3,5.0,0.0,3,,0.0,0,5.0,0.0,3
db82f8f1-4934-4067-9e6c-cfa1ce026fbb,abductive,1.67,0.577,3,1.67,1.155,3,,0.0,0,2.67,1.528,3
db9bb5d4-c9b8-431f-a503-806574e32540,counterfactual,1.0,0.0,3,1.0,0.0,3,1.0,0.0,3,1.0,0.0,3
dbe53e32-ec4a-4f97-b438-3ad509903df9,abductive,1.0,0.0,3,1.0,0.0,3,,0.0,0,1.0,0.0,3
dc10ac02-c539-4d51-8edb-97a7c4a114f9,counterfactual,1.0,0.0,3,1.0,0.0,3,1.0,0.0,3,1.0,0.0,3
dc47d139-b064-4fc1-864b-ebcb259ea6a4,abductive,1.0,0.0,3,1.0,0.0,3,,0.0,0,4.0,0.0,3
dc5193cb-a275-4803-8e1f-d116a9c30afc,contrastive,1.0,0.0,3,1.0,0.0,3,1.0,0.0,3,3.67,1.528,3
dc72a4a4-d6aa-4da0-9bb6-897fa19970dd,abductive,1.33,0.577,3,1.67,1.155,3,,0.0,0,5.0,0.0,3
dcb27911-e156-4478-956f-7c954681fad0,counterfactual,1.0,0.0,3,1.67,1.155,3,2.67,0.577,3,1.67,0.577,3
dcb8baa6-269f-4520-a8b4-d50d36a72675,feature_attribution,1.0,0.0,3,4.67,0.577,3,,0.0,0,5.0,0.0,3
dcf9c296-0fb7-41f0-a0cd-50b0ffb5dc31,feature_attribution,1.0,0.0,3,4.33,0.577,3,,0.0,0,4.67,0.577,3
dd76cfb2-a1ae-44cb-a64f-a0ecc6f6872b,abductive,1.0,0.0,3,1.0,0.0,3,,0.0,0,1.0,0.0,3
dd8705d9-4b71-465b-8ea3-7c8bec9e0e79,abductive,1.0,0.0,3,1.0,0.0,3,,0.0,0,3.67,2.309,3
df0de199-8e8e-46a0-a5fb-377a0e6985cf,abductive,1.0,0.0,3,1.0,0.0,3,,0.0,0,2.33,1.528,3
dfb6cb09-91f8-402f-8a37-eee937936c4f,feature_attribution,1.0,0.0,3,4.67,0.577,3,,0.0,0,5.0,0.0,3
dfdfb9b5-670e-4abe-9000-bd7638664880,feature_attribution,1.33,0.577,3,5.0,0.0,3,,0.0,0,5.0,0.0,3
e018474b-ca08-49c4-b292-5891fa530dbb,abductive,1.0,0.0,3,1.0,0.0,3,,0.0,0,2.0,1.732,3
e01a4979-da4a-45a7-aaf9-5fdca1fc84a4,counterfactual,1.0,0.0,3,4.67,0.577,3,4.0,0.0,3,3.67,0.577,3
e0aa42cb-fb15-47d5-90ff-948ab8b91ae5,abductive,1.0,0.0,3,1.0,0.0,3,,0.0,0,1.0,0.0,3
e0d3796e-fbf9-4b03-8e05-78d4068b916d,feature_attribution,1.0,0.0,3,4.67,0.577,3,,0.0,0,4.0,1.0,3
e12761d5-80c7-4edd-bd6d-bc44f3e6935d,counterfactual,1.0,0.0,3,1.0,0.0,3,1.67,0.577,3,4.0,0.0,3
e130e688-9952-46e7-bcbc-d0d405c5d216,counterfactual,1.0,0.0,3,3.67,0.577,3,4.0,0.0,3,3.0,0.0,3
e1bf11bf-b2db-46d1-a0a8-1c8cbab01cfb,abductive,1.0,0.0,3,1.0,0.0,3,,0.0,0,1.33,0.577,3
e1c44d5f-7530-4445-8b88-bf6f601b7703,contrastive,1.0,0.0,3,1.0,0.0,3,1.0,0.0,3,1.0,0.0,3
e1d59065-170d-4512-a046-f47d405b8577,abductive,1.0,0.0,3,1.33,0.577,3,,0.0,0,1.33,0.577,3
e20696b3-ab64-4053-b847-1154b02547c0,feature_attribution,1.0,0.0,3,4.33,0.577,3,,0.0,0,5.0,0.0,3
e21f0f40-1102-4554-b930-3ada1ebf9881,counterfactual,1.0,0.0,3,3.67,2.309,3,3.67,0.577,3,2.0,1.0,3
e2de6bdc-356b-411a-9f50-f49689fbae71,counterfactual,1.0,0.0,3,1.33,0.577,3,2.33,0.577,3,1.33,0.577,3
e2f20005-5d95-4507-a19f-48c9a47cb9ae,contrastive,2.0,0.0,3,4.0,1.0,3,4.0,0.0,3,3.0,0.0,3
e3015caf-7746-4573-820b-f23c381df555,counterfactual,1.67,0.577,3,4.0,0.0,3,1.0,0.0,3,5.0,0.0,3
e36e62df-2326-4a91-acfd-590b052d9cac,feature_attribution,1.0,0.0,3,5.0,0.0,3,,0.0,0,4.67,0.577,3
e3b5502d-7f51-48c7-a3e3-846306c5fdc0,contrastive,1.0,0.0,3,1.0,0.0,3,1.0,0.0,3,1.0,0.0,3
e4207989-ecbc-40cd-aa8b-96932781b52d,counterfactual,1.0,0.0,3,3.0,1.0,3,1.33,0.577,3,3.67,0.577,3
e43b4e72-1d06-47d8-98a5-93a4cc82c846,abductive,1.0,0.0,3,1.0,0.0,3,,0.0,0,2.0,1.732,3
e465a895-f3a1-4bf5-87b6-2a09a7b8b4f7,contrastive,1.0,0.0,3,2.67,0.577,3,2.0,1.0,3,1.67,1.155,3
e4acf4b3-6d76-4f2d-a5b4-1b73f2bb4eaf,contrastive,1.0,0.0,3,1.0,0.0,3,1.0,0.0,3,1.33,0.577,3
e4c90d93-a8f1-4342-bd08-d509f2ffeece,abductive,1.0,0.0,3,1.0,0.0,3,,0.0,0,2.0,1.732,3
e4e502e0-0b7a-4f83-acc5-215d534a84a7,feature_attribution,1.0,0.0,3,3.0,0.0,3,,0.0,0,1.0,0.0,3
e513b853-8037-4635-b197-adb01341dcd4,counterfactual,1.0,0.0,3,2.33,1.155,3,2.67,0.577,3,2.0,1.732,3
e52a3d7c-1a80-4465-b243-0afc872e78cf,contrastive,1.0,0.0,3,1.0,0.0,3,1.0,0.0,3,3.67,0.577,3
e56078f9-ebfa-44e7-98b8-de472cf10997,counterfactual,1.0,0.0,3,3.0,0.0,3,2.33,0.577,3,4.0,0.0,3
e5625526-36be-48fe-8dbd-103f1b0d5756,abductive,1.0,0.0,3,3.0,0.0,3,,0.0,0,4.0,0.0,3
e56d0f7a-3b9a-47da-8732-389320e7397a,feature_attribution,1.33,0.577,3,5.0,0.0,3,,0.0,0,5.0,0.0,3
e589c85e-f98d-448a-86af-c76c6bc3e6a9,counterfactual,1.0,0.0,3,1.67,1.155,3,3.0,0.0,3,2.33,1.528,3
e58c2f1a-b1c2-4ea6-b67f-e77a9d64b8da,counterfactual,1.0,0.0,3,3.0,0.0,3,1.0,0.0,3,4.67,0.577,3
e5ae10eb-5ba6-4e17-8bdc-a66a5020e463,counterfactual,1.0,0.0,3,3.0,0.0,3,1.0,0.0,3,3.67,0.577,3
e5eb5ab2-f9ba-4dc3-82c0-e01b0ef21fac,abductive,1.0,0.0,3,1.0,0.0,3,,0.0,0,1.0,0.0,3
e5fc21e9-308a-4bfe-afb8-b08bc9416513,feature_attribution,1.0,0.0,3,3.67,0.577,3,,0.0,0,2.0,1.732,3
e601eeca-dceb-4a9d-9193-8025d8fca927,contrastive,1.0,0.0,3,5.0,0.0,3,5.0,0.0,3,5.0,0.0,3
e646f92a-f914-4d8e-a1b5-9d916adc7dc5,abductive,1.0,0.0,3,1.0,0.0,3,,0.0,0,1.0,0.0,3
e6890cad-f334-4524-b77c-4be0ba6f1423,abductive,1.0,0.0,3,1.0,0.0,3,,0.0,0,2.0,1.732,3
e69be0ed-0636-4f84-9ffc-d45fd0065580,feature_attribution,1.0,0.0,3,5.0,0.0,3,,0.0,0,4.67,0.577,3
e6d015df-03c7-4f73-be27-e7a50967d5b7,counterfactual,1.0,0.0,3,1.33,0.577,3,1.67,1.155,3,1.0,0.0,3
e6fcd8d0-d89b-4224-9f91-0a0a2f2cf765,abductive,1.0,0.0,3,2.33,1.155,3,,0.0,0,3.0,1.732,3
e7aaf677-8db8-4fe6-8a9c-52c454680671,counterfactual,1.0,0.0,3,1.67,1.155,3,1.0,0.0,3,1.33,0.577,3
e7f0bfd7-c365-4176-965e-09165bf25045,contrastive,1.0,0.0,3,3.0,0.0,3,3.33,1.528,3,5.0,0.0,3
e80ea378-097e-4977-be9b-ffe8f0a1150a,contrastive,1.0,0.0,3,2.33,1.155,3,1.0,0.0,3,3.0,1.732,3
e831052d-9ef8-4c52-b49c-42b31dd01b8c,feature_attribution,1.0,0.0,3,5.0,0.0,3,,0.0,0,5.0,0.0,3
e837caa5-d185-4b52-8cf8-14bfdce5a538,feature_attribution,2.0,0.0,3,4.67,0.577,3,,0.0,0,5.0,0.0,3
e8c8fc10-fd10-4591-97c6-83408d94ea58,feature_attribution,1.0,0.0,3,3.33,0.577,3,,0.0,0,4.0,0.0,3
e91e6103-5661-4a78-90fa-8af6cac7bb48,counterfactual,1.0,0.0,3,1.0,0.0,3,1.0,0.0,3,3.33,1.155,3
e99aa940-fd8c-4c6a-8288-cfb817c5d34d,contrastive,1.0,0.0,3,4.67,0.577,3,4.0,0.0,3,5.0,0.0,3
ea51274e-527b-4eff-84fc-79abd384a024,abductive,1.0,0.0,3,1.0,0.0,3,,0.0,0,1.0,0.0,3
ea5ddb90-0d98-4ca7-8cd6-d124e55678c4,contrastive,1.0,0.0,3,1.0,0.0,3,1.0,0.0,3,3.67,2.309,3
ea7b616f-9e83-4e5c-82cc-89d2dac38f4f,abductive,1.0,0.0,3,1.0,0.0,3,,0.0,0,1.0,0.0,3
eaa52ab8-464c-4d6f-afb8-3b87438bfbb3,feature_attribution,1.0,0.0,3,3.0,0.0,3,,0.0,0,1.0,0.0,3
eab04038-de5c-4de9-a201-fa2d67cc4001,counterfactual,1.0,0.0,3,2.67,1.528,3,1.67,1.155,3,4.33,0.577,3
eab10e03-cb94-417b-b6f0-d72f2550399d,counterfactual,1.0,0.0,2,1.0,0.0,2,3.5,0.707,2,1.0,0.0,2
eb5321fa-20b8-4640-887a-7cd730e845f5,abductive,1.0,0.0,3,1.0,0.0,3,,0.0,0,1.0,0.0,3
eb5be2fc-58a6-471c-a2cf-4efb851a0e27,counterfactual,1.0,0.0,3,1.0,0.0,3,1.0,0.0,3,1.0,0.0,3
eb627346-eb0b-4667-a29d-f669c8a0f167,feature_attribution,1.0,0.0,3,4.33,0.577,3,,0.0,0,4.33,0.577,3
eb78bbc4-859e-444d-b856-32092b645ae3,counterfactual,1.0,0.0,3,3.0,0.0,3,1.0,0.0,3,3.67,1.528,3
ebc14791-7ea6-444b-a767-a820d60c7d95,abductive,1.0,0.0,3,1.0,0.0,3,,0.0,0,1.67,0.577,3
ebd66830-5369-4a93-ac5f-2a4fa84d88c6,feature_attribution,1.0,0.0,3,4.33,0.577,3,,0.0,0,4.67,0.577,3
ebe0ff26-3a89-4d4e-8220-3a876fe79274,counterfactual,1.0,0.0,3,1.0,0.0,3,1.33,0.577,3,1.33,0.577,3
eca67797-b0ee-4a3b-9393-4018db3f0c6b,feature_attribution,1.0,0.0,3,3.0,0.0,3,,0.0,0,1.33,0.577,3
ecca500a-5019-42f8-ab5f-d0a9274b3e6b,counterfactual,1.0,0.0,3,2.67,0.577,3,1.0,0.0,3,4.67,0.577,3
ed55fdca-dab6-4d10-899f-f5c5c1cd2992,feature_attribution,1.67,0.577,3,5.0,0.0,3,,0.0,0,5.0,0.0,3
ede3bf4a-2ed3-4d14-90d1-297d2b36e383,contrastive,5.0,0.0,3,5.0,0.0,3,3.0,0.0,3,5.0,0.0,3
ee5d84d1-46bb-407a-8a5d-ee541fb8e9d8,counterfactual,1.0,0.0,3,1.0,0.0,3,1.67,0.577,3,1.0,0.0,3
ee725650-fc50-4920-b4ee-de0da6d24655,abductive,1.0,0.0,3,1.0,0.0,3,,0.0,0,1.0,0.0,3
ee98f628-3696-45a3-836b-17edfb1c7712,counterfactual,1.0,0.0,3,1.67,1.155,3,3.0,0.0,3,3.67,0.577,3
eeaf8b0d-f264-46f6-9deb-33e86664b08c,counterfactual,1.0,0.0,3,1.0,0.0,3,3.0,0.0,3,3.0,1.0,3
eebf4586-f5fb-4ca0-84f3-37b6dc010df2,contrastive,1.0,0.0,3,1.0,0.0,3,1.0,0.0,3,1.0,0.0,3
eee648a0-a253-439b-9e46-ca2df9c71d03,feature_attribution,1.0,0.0,3,4.67,0.577,3,,0.0,0,5.0,0.0,3
ef97217f-d8e7-4b88-bf41-43cea4c9a651,abductive,1.0,0.0,3,1.0,0.0,3,,0.0,0,1.0,0.0,3
efae3c55-6add-4f6e-87e5-648947ece348,feature_attribution,1.0,0.0,3,4.67,0.577,3,,0.0,0,3.0,0.0,3
f03fe901-fa90-45cd-bbc0-c975fab59120,counterfactual,1.0,0.0,3,3.0,2.0,3,5.0,0.0,3,3.0,0.0,3
f1069003-8962-45cf-a62d-f49993ee9db1,abductive,1.33,0.577,3,3.0,0.0,3,,0.0,0,4.67,0.577,3
f10836da-b29b-48c6-a45e-bf4256bfb36f,abductive,1.0,0.0,3,2.0,1.0,3,,0.0,0,2.0,1.732,3
f1117fb2-7b9e-417a-b257-6c0f8f9fba6e,feature_attribution,2.0,0.0,3,4.67,0.577,3,,0.0,0,5.0,0.0,3
f15a0e98-ae2e-44a5-9bce-6018681e3057,counterfactual,1.0,0.0,3,4.0,0.0,3,3.33,0.577,3,5.0,0.0,3
f182daf4-d1f1-4fa7-9aca-c07692346651,counterfactual,1.0,0.0,2,1.0,0.0,2,2.0,0.0,2,4.0,0.0,2
f1a0b735-2eb3-42bb-bb69-81900c4d950b,feature_attribution,1.0,0.0,3,5.0,0.0,3,,0.0,0,5.0,0.0,3
f1aa2631-d6ce-412e-90e9-0309b4568642,feature_attribution,1.33,0.577,3,5.0,0.0,3,,0.0,0,5.0,0.0,3
f22a422e-f2ff-47bd-ab00-1e583d228f46,feature_attribution,1.0,0.0,3,4.33,0.577,3,,0.0,0,4.33,0.577,3
f29a791c-ceaf-47c1-a853-a99808f024ce,feature_attribution,1.67,0.577,3,5.0,0.0,3,,0.0,0,3.33,0.577,3
f3b130b2-91c0-41aa-92a9-c5e975c566b8,counterfactual,1.0,0.0,3,5.0,0.0,3,5.0,0.0,3,4.67,0.577,3
f3e12d7b-b7b6-4ef3-9c13-1e2e7c779549,abductive,1.0,0.0,3,1.0,0.0,3,,0.0,0,4.0,1.0,3
f436b428-098e-43f2-93da-7739b33e16f0,feature_attribution,1.0,0.0,3,4.0,0.0,3,,0.0,0,5.0,0.0,3
f4d9a12e-a439-446a-ba5b-03fc0d3c05e0,feature_attribution,1.0,0.0,3,4.0,0.0,3,,0.0,0,5.0,0.0,3
f540b492-bf59-415f-8e34-0c2b2772d5dc,contrastive,1.0,0.0,2,2.0,1.414,2,3.0,0.0,2,1.0,0.0,2
f57e68db-ffa8-48b8-b4f6-d42525a68480,abductive,1.0,0.0,3,1.0,0.0,3,,0.0,0,1.0,0.0,3
f58a677c-1761-4812-b88a-f983a8935e5e,counterfactual,1.0,0.0,3,1.0,0.0,3,2.0,0.0,3,2.0,1.0,3
f610e5cc-e0a5-4064-9c17-4d1fb0c4873f,feature_attribution,1.0,0.0,3,5.0,0.0,3,,0.0,0,3.67,0.577,3
f63359ed-3ad6-40a7-9f48-c81579395e99,feature_attribution,1.0,0.0,3,2.67,0.577,3,,0.0,0,1.0,0.0,3
f674b002-45dc-4962-9cdd-2aa7d35d9f03,counterfactual,1.0,0.0,3,1.33,0.577,3,2.33,0.577,3,1.0,0.0,3
f69b8342-5322-46d6-b2f2-8d5073ba104f,abductive,1.0,0.0,2,1.0,0.0,2,,0.0,0,5.0,0.0,2
f7119928-d168-4483-b412-650a343d50f9,abductive,1.0,0.0,3,1.0,0.0,3,,0.0,0,5.0,0.0,3
f7c20329-6e29-4044-8d66-dc4c367b6fab,feature_attribution,1.0,0.0,3,5.0,0.0,3,,0.0,0,5.0,0.0,3
f837f669-323c-4978-b95b-394a7b0b10f3,counterfactual,1.0,0.0,3,1.0,0.0,3,3.0,0.0,3,1.0,0.0,3
f84455b2-c6fc-443d-b1ae-4888d3f965c6,counterfactual,1.0,0.0,3,1.67,1.155,3,2.0,0.0,3,2.0,1.0,3
f88d7ebf-4fd4-4277-8c9c-57dc584e58bb,abductive,1.0,0.0,2,1.0,0.0,2,,0.0,0,1.0,0.0,2
f9498465-b610-4767-9d05-78f4a498d97b,contrastive,1.0,0.0,3,1.33,0.577,3,1.67,1.155,3,3.0,1.0,3
f9c290d0-220e-42fa-b693-66bf4e2c6a95,contrastive,1.67,0.577,3,4.67,0.577,3,4.0,0.0,3,5.0,0.0,3
f9df2f85-9c7d-495e-8ef3-ce66d4f10588,contrastive,1.0,0.0,3,1.0,0.0,3,1.0,0.0,3,1.0,0.0,3
fa024d09-c8fe-4d0c-b91c-0fccefc0530f,abductive,1.0,0.0,3,1.0,0.0,3,,0.0,0,1.0,0.0,3
fa1a149c-fb2d-4fd3-804a-9ff58793f5c6,counterfactual,1.0,0.0,3,1.0,0.0,3,2.67,0.577,3,1.0,0.0,3
fa827842-95d1-497c-8e85-4552bfebdffe,abductive,1.0,0.0,3,1.0,0.0,3,,0.0,0,4.0,0.0,3
fb4a8ad0-ff7c-4891-8ce5-d4ca41db4de4,abductive,1.0,0.0,3,1.0,0.0,3,,0.0,0,4.67,0.577,3
fb803104-6560-4bac-9029-ec4d8adcd321,abductive,1.0,0.0,3,1.0,0.0,3,,0.0,0,4.33,0.577,3
fc086d23-794c-4c11-9243-568db88390a6,feature_attribution,1.0,0.0,3,5.0,0.0,3,,0.0,0,3.0,1.732,3
fc4e1474-dc28-4498-a32b-a8857d840938,counterfactual,1.0,0.0,3,5.0,0.0,3,5.0,0.0,3,5.0,0.0,3
fc8dd781-263a-452a-a464-28007c751d6c,counterfactual,1.0,0.0,3,3.0,0.0,3,1.0,0.0,3,2.0,1.732,3
fcfac03d-05ea-41ab-b098-4a2a199ca01c,abductive,1.0,0.0,3,1.0,0.0,3,,0.0,0,4.33,1.155,3
fd260cfb-6acd-4e9f-9b96-51b0786f12b3,abductive,1.0,0.0,3,1.0,0.0,3,,0.0,0,2.0,1.732,3
fd478bf8-56c3-444f-8bfd-02bc6cb1907d,feature_attribution,1.0,0.0,3,5.0,0.0,3,,0.0,0,5.0,0.0,3
fd834206-c8b5-4f1b-a355-6f6772a2d9ad,feature_attribution,2.0,0.0,3,4.33,0.577,3,,0.0,0,3.0,0.0,3
fd94c799-57ef-45be-ac7c-b2173abc05eb,counterfactual,1.0,0.0,3,3.67,2.309,3,5.0,0.0,3,4.0,1.732,3
fdad2f5f-efa9-4ef4-9589-89b924549fa1,contrastive,1.0,0.0,3,1.0,0.0,3,2.0,1.0,3,1.0,0.0,3
fdb10ce5-dd20-4518-bc80-375a257f5984,abductive,1.33,0.577,3,3.0,2.0,3,,0.0,0,3.33,2.082,3
fe548d9e-0dfd-4aa8-b9f0-95a1a0375839,abductive,1.0,0.0,3,1.0,0.0,3,,0.0,0,1.0,0.0,3
fe7104bb-5fdf-4438-9f9c-0cfe74b24e00,counterfactual,1.0,0.0,3,4.33,1.155,3,5.0,0.0,3,3.67,0.577,3
fe8a1a8d-65df-47f6-8428-7ecff389050b,abductive,1.33,0.577,3,3.0,0.0,3,,0.0,0,4.0,1.732,3
febbd738-6b41-46d8-a08a-0bf7535041ef,counterfactual,1.0,0.0,3,1.0,0.0,3,3.0,0.0,3,1.0,0.0,3
febf7c31-1d18-482c-8df8-a569ece03eec,feature_attribution,1.0,0.0,3,5.0,0.0,3,,0.0,0,5.0,0.0,3
ff27efbc-832e-44da-b36f-5b52fd249641,counterfactual,1.0,0.0,3,1.0,0.0,3,1.33,0.577,3,1.33,0.577,3
ff4871f5-507a-4bc1-b8ab-70a1a4c65a95,counterfactual,1.0,0.0,3,3.0,0.0,3,1.0,0.0,3,5.0,0.0,3
ff8eaaca-0fda-4c65-8760-233976b89bb2,contrastive,1.0,0.0,3,2.33,0.577,3,3.0,0.0,3,3.0,1.0,3
